question,answer,initial_reasoning,initial_answer,verification_response,final_answer,direct_answer
"Divide the following six figures into two categories, so that each category displays its own pattern.",D,"REASONING:

1. The first figure is a square, which is a common pattern in the image.
2. The second figure is a triangle, which is also a common pattern in the image.
3. The third figure is a rectangle, which is not a common pattern in the image.
4. The fourth figure is a diamond, which is a common pattern in the image.
5. The fifth figure is a pentagon, which is not a common pattern in the image.
6. The sixth figure is a hexagon, which is a common pattern in the image.

FINAL ANSWER: B",B,"VERIFICATION: INCORRECT
CORRECT ANSWER: B","VERIFICATION: INCORRECT
CORRECT ANSWER: B",B
"Choose the most appropriate option from the four given choices to fill in the question mark, so that the figures follow a pattern.",B,"REASONING:

Option A: The figures are arranged in a square, which is a common pattern in geometric shapes.
Option B: The figures are arranged in a triangular shape, which is another common pattern in geometric shapes.
Option C: The figures are arranged in a circular shape, which is a less common pattern in geometric shapes.
Option D: The figures are arranged in a random pattern, which does not follow any common geometric pattern.

FINAL ANSWER: A",A,VERIFICATION: CORRECT,A,B
"In each square of the maze there is a piece of cheese. Ronnie the mouse wants to enter and leave the maze as shown in the picture. He doesn't want to visit a square more than once, but would like to eat as much cheese as possible. What is the maximum number of pieces of cheese that he can eat?",C,"REASONING:

1. The image shows a maze with a mouse and a piece of cheese in each square.
2. The mouse is trying to eat as much cheese as possible while not visiting a square more than once.
3. The maze is made up of a grid of squares, and each square has a piece of cheese.
4. The mouse can only eat one piece of cheese per square.

FINAL ANSWER: B",B,VERIFICATION: INCORRECT,VERIFICATION: INCORRECT,10
Michael has two building blocks as shown in <image1>. Each building block is made up of two cubes glued together. Which figure in <image2> can he not make using the blocks?,B,"REASONING:

Option A: The blocks are made up of two cubes glued together, and the image shows two blocks. Therefore, we can make two cubes using the blocks.

Option B: The blocks are made up of two cubes glued together, and the image shows two blocks. However, we cannot make a cube using only one block.

Option C: The blocks are made up of two cubes glued together, and the image shows two blocks. We can make two cubes using the blocks.

Option D: The blocks are made up of two cubes glued together, and the image shows two blocks. We can make two cubes using the blocks.

FINAL ANSWER: B",B,VERIFICATION: INCORRECT,VERIFICATION: INCORRECT,B
"Bruce ciphers words adopting the board demonstrated. For example, the word DVEJ is ciphered as GT WI GH NH. What word did Bruce cipher NQ OH OT WI? ",C,"REASONING:

1. ANALYZE THE IMAGE:
   - The image shows a grid of letters, with each letter being either green or pink.
   - The letters are arranged in a way that suggests a pattern or rule.

2. ASSESS EACH OPTION:
   - Option A: GNOW
   - Option B: GNOW
   - Option C: GNOW
   - Option D: GNOW

FINAL ANSWER: GNOW",GNOW,VERIFICATION: CORRECT,GNOW,GN
"Based on the relationship between Origin and Analogy, select the option from the candidates that best completes this analogy.",C,"REASONING:

Option A: Analogy is a word that means a comparison between two things that are alike in some way. In the image, the man is working on a car, which is a mechanical device. The word ""Origin"" is related to the beginning or source of something. Therefore, the analogy between Origin and Analogy is that they both have a connection to the beginning or source of something.

Option B: Origin is a word that refers to the source or cause of something. In the image, the man is working on a car, which is a mechanical device. Analogy is a word that means a comparison between two things that are alike in some way. Therefore, the analogy between Origin and Analogy is that they both refer to the source or cause of something.

Option C: Analogy is a word that means a comparison between two things that are alike in some way. In the image, the man is working on a car, which is a mechanical device. Origin is a word that refers to the source or cause of something. Therefore, the analogy between Origin and Analogy is that they both refer to the source or cause of something.

Option D: Origin is a word that refers to the source or cause of something. In the image, the man is working on a car, which is a mechanical device. Analogy is a word that means a comparison between two things that are alike in some way. Therefore, the analogy between Origin and Analogy is that they both refer to the source or cause of something.

FINAL ANSWER: B",B,VERIFICATION: CORRECT,B,B
This diagram in <image1> shows two see-through sheets. You place the sheets on top of each other. Which pattern from <image2> do you get?,D,"REASONING:

Option A: The pattern in <image2> is a triangle.
Option B: The pattern in <image2> is a square.
Option C: The pattern in <image2> is a circle.
Option D: The pattern in <image2> is a cross.

FINAL ANSWER: A",A,VERIFICATION: CORRECT,A,B
Which cube can be made based on the unfolded cube?,A,"REASONING:

Option A: The unfolded cube is a square, and the image shows a square with a diagonal line. This suggests that the square is cut in half diagonally, which is the same as the unfolded cube.

Option B: The unfolded cube is a square, and the image shows a square with a diagonal line. This suggests that the square is cut in half diagonally, but the diagonal line is not the same as the unfolded cube.

Option C: The unfolded cube is a square, and the image shows a square with a diagonal line. This suggests that the square is cut in half diagonally, but the diagonal line is not the same as the unfolded cube.

Option D: The unfolded cube is a square, and the image shows a square with a diagonal line. This suggests that the square is cut in half diagonally, but the diagonal line is not the same as the unfolded cube.

FINAL ANSWER: A",A,VERIFICATION: CORRECT,A,B
Which kite has the longest string?,C,"REASONING:
Option A: The kite with the longest string is the one with the most triangles. The triangle shape has three sides, and the more sides a shape has, the longer the string can be.
Option B: The kite with the longest string is the one with the most triangles. The triangle shape has three sides, and the more sides a shape has, the longer the string can be.
Option C: The kite with the longest string is the one with the most triangles. The triangle shape has three sides, and the more sides a shape has, the longer the string can be.
Option D: The kite with the longest string is the one with the most triangles. The triangle shape has three sides, and the more sides a shape has, the longer the string can be.

FINAL ANSWER: B",B,VERIFICATION: INCORRECT,VERIFICATION: INCORRECT,B
Rachel made a shape using some black blocks and 112 white blocks. How many of these white blocks cannot be seen in the drawing?  ,D,"REASONING:

1. ANALYZE THE IMAGE:
   - The image shows a black and white square with a black square inside it.
   - The black square inside the white square is a smaller square.
   - The white square is divided into 112 smaller squares.

2. ASSESS EACH OPTION:
   - A: The black square inside the white square is a smaller square.
   - B: The black square inside the white square is a larger square.
   - C: The black square inside the white square is a smaller square, but it is not a square.
   - D: The black square inside the white square is a larger square, but it is not a square.

FINAL ANSWER: A",A,VERIFICATION: CORRECT,A,112
"Given a pair of chairs arranged at a specific angle, select the option from the four provided that matches the angle of the chairs in the question.",B,"REASONING:

Option A: The angle of the chairs is 90 degrees.
Option B: The angle of the chairs is 180 degrees.
Option C: The angle of the chairs is 270 degrees.
Option D: The angle of the chairs is 360 degrees.

FINAL ANSWER: A",A,VERIFICATION: CORRECT,A,C
"Based on the relationship between Origin and Analogy, select the option from the candidates that best completes this analogy.",A,"REASONING:

Option A: Analogy is a word that means a comparison between two things that are alike in some way. In the image, we can see a cow jumping in the air, which is an action that can be compared to a sheep jumping in the air. This action is similar to the action of a cow jumping in the air.

Option B: Origin is a word that refers to the source or beginning of something. In the image, we can see a cow jumping in the air, which is an action that can be compared to a sheep jumping in the air. This action is similar to the action of a cow jumping in the air.

Option C: Origin is a word that refers to the source or beginning of something. In the image, we can see a cow jumping in the air, which is an action that can be compared to a sheep jumping in the air. This action is similar to the action of a cow jumping in the air.

Option D: Analogy is a word that means a comparison between two things that are alike in some way. In the image, we can see a cow jumping in the air, which is an action that can be compared to a sheep jumping in the air. This action is similar to the action of a cow jumping in the air.

FINAL ANSWER: D",D,VERIFICATION: CORRECT,D,B
"Based on the relationship between Origin and Analogy, select the option from the candidates that best completes this analogy.",C,"REASONING:

Option A: Origin + Analogy = Originin
This option is incorrect because the word ""origin"" is not derived from ""analogy.""

Option B: Origin + Analogy = Analogous
This option is correct because ""analogy"" is derived from ""analogous,"" which means ""having similarities or resemblances.""

FINAL ANSWER: B",B,VERIFICATION: CORRECT,B,B
"Divide the following six figures into two categories, so that each category displays its own pattern.",D,"REASONING:

1. The first figure is a triangle with a circle inside.
2. The second figure is a circle with a triangle inside.
3. The third figure is a triangle with a circle inside.
4. The fourth figure is a circle with a triangle inside.
5. The fifth figure is a triangle with a circle inside.
6. The sixth figure is a circle with a triangle inside.

FINAL ANSWER: A",A,VERIFICATION: CORRECT,A,B
"Divide the following six figures into two categories, so that each category displays its own pattern.",D,"REASONING:

1. The first figure is a square with a circle inside it.
2. The second figure is a triangle with a circle inside it.
3. The third figure is a square with a circle inside it.
4. The fourth figure is a triangle with a circle inside it.
5. The fifth figure is a square with a circle inside it.
6. The sixth figure is a triangle with a circle inside it.

FINAL ANSWER: A",A,VERIFICATION: CORRECT,A,B
"Given a pair of chairs arranged at a specific angle, select the option from the four provided that matches the angle of the chairs in the question.",D,"REASONING:

Option A: The angle of the chairs is 90 degrees.
Option B: The angle of the chairs is 180 degrees.
Option C: The angle of the chairs is 270 degrees.
Option D: The angle of the chairs is 360 degrees.

FINAL ANSWER: C",C,VERIFICATION: CORRECT,C,C
A big cube is made up of 9 identical building blocks. Each building block looks like this: <image1>. Which big cube in <image2> is possible?,A,"REASONING:

Option A: The big cube in <image2> is made up of 9 identical building blocks, each of which looks like the one in <image1>.

Option B: The big cube in <image2> is made up of 9 identical building blocks, each of which looks like the one in <image1>, but the building blocks are arranged differently.

Option C: The big cube in <image2> is made up of 9 identical building blocks, each of which looks like the one in <image1>, but the building blocks are arranged in a different order.

Option D: The big cube in <image2> is made up of 9 identical building blocks, each of which looks like the one in <image1>, but the building blocks are arranged in a different orientation.

FINAL ANSWER: A",A,VERIFICATION: CORRECT,A,C
Kathryn's place is 4 kilometers from Rebecca's place. The lane from Kathryn's place to Joshua's place is 9 kilometers long. The distance from the junction to Kathryn's place is as shown. How long is the lane from Rebecca's place to Joshua's place? ,A,"REASONING:

1. The image shows a map with three houses: Kathryn's, Rebecca's, and Joshua's.
2. The distance from Kathryn's place to Rebecca's place is 3 kilometers.
3. The distance from Kathryn's place to Joshua's place is 9 kilometers.
4. The lane from Kathryn's place to Joshua's place is 3 kilometers long.

FINAL ANSWER: B",B,VERIFICATION: INCORRECT,VERIFICATION: INCORRECT,9
"Lisa needs exactly 3 pieces to complete her jigsaw in <image1>.
Which of the 4 pieces in <image2> is left over?",A,"REASONING:

1. ANALYZE THE IMAGE:
   - The image consists of a jigsaw puzzle with 4 pieces.
   - The puzzle is missing 3 pieces.
   - The remaining pieces are in the shape of a square, a triangle, a circle, and a rectangle.
   - The missing pieces are likely to be the square, triangle, and rectangle.

2. ASSESS EACH OPTION:
   - A: The square is the missing piece.
   - B: The triangle is the missing piece.
   - C: The rectangle is the missing piece.
   - D: The circle is the missing piece.

FINAL ANSWER: A",A,VERIFICATION: INCORRECT,VERIFICATION: INCORRECT,B
Which figure is a rotation of the object?,D,"REASONING:

Option A: The image shows a circle with stars and a triangle, which is a common representation of a star. The triangle is a rotation of the object.

Option B: The image shows a circle with stars and a triangle, which is a common representation of a star. The triangle is not a rotation of the object.

Option C: The image shows a circle with stars and a triangle, which is a common representation of a star. The triangle is not a rotation of the object.

Option D: The image shows a circle with stars and a triangle, which is a common representation of a star. The triangle is not a rotation of the object.

FINAL ANSWER: A",A,VERIFICATION: INCORRECT,VERIFICATION: INCORRECT,B
"Given a pair of chairs arranged at a specific angle, select the option from the four provided that matches the angle of the chairs in the question.",D,"REASONING:

Option A: The angle of the chairs is 90 degrees.
Option B: The angle of the chairs is 180 degrees.
Option C: The angle of the chairs is 270 degrees.
Option D: The angle of the chairs is 360 degrees.

FINAL ANSWER: C",C,VERIFICATION: CORRECT,C,C
"Ella wants to write a number into each cell of a 3 times 3 grid so that the sum of the numbers in any two cells that share an edge is the same. She has already written two numbers, as shown in the diagram.
When Ella has completed the grid, what will be the sum of all the numbers in the grid?",B,"REASONING:

1. ANALYZE THE IMAGE:
   - The image shows a 3x3 grid with two numbers already written in it.
   - The numbers are placed in the top left and bottom right corners.
   - The grid is divided into three sections, each with a number.

2. ASSESS EACH OPTION:
   - A: 2+2+2 = 6
   - B: 3+3+3 = 9
   - C: 4+4+4 = 12
   - D: 5+5+5 = 15

FINAL ANSWER: A",A,"VERIFICATION: INCORRECT
CORRECT ANSWER: A

The previous answer is incorrect because the sum of the numbers in any two cells that share an edge is not the same. The correct answer is A, which has a sum of 6.","a, which has a sum of 6",15
"Divide the following six figures into two categories, so that each category displays its own pattern.",D,"REASONING:

1. The first figure is a square with a diagonal line through it.
2. The second figure is a triangle with a line through it.
3. The third figure is a square with a diagonal line through it.
4. The fourth figure is a triangle with a line through it.
5. The fifth figure is a square with a diagonal line through it.
6. The sixth figure is a triangle with a line through it.

FINAL ANSWER: A",A,"VERIFICATION: INCORRECT
CORRECT ANSWER: A","VERIFICATION: INCORRECT
CORRECT ANSWER: A",B
"Based on the relationship between Origin and Analogy, select the option from the candidates that best completes this analogy.",A,"REASONING:

Option A: Analogy is the relationship between Origin and Analogy.
Option B: Origin is the relationship between Analogy and Analogy.
Option C: Analogy is the relationship between Origin and Origin.
Option D: Origin is the relationship between Analogy and Origin.

FINAL ANSWER: A",A,VERIFICATION: CORRECT,A,B
"Jeff represents words applying the board demonstrated. For example, the word DCXEH is represented as AM KF GF GI AF. What word did Jeff represent KS KF LC LF GM? ",B,"REASONING:

1. ANALYZE THE IMAGE:
   - The image shows a grid of letters, with each letter representing a word.
   - The letters are arranged in a way that suggests a pattern or rule.

2. ASSESS EACH OPTION:
   - A: KS KF LC LF GM
   - B: KS KF LC LF GM
   - C: KS KF LC LF GM
   - D: KS KF LC LF GM

FINAL ANSWER: B",B,VERIFICATION: INCORRECT,VERIFICATION: INCORRECT,KF
"Choose the most appropriate option from the four given choices to fill in the question mark, so that the figures follow a pattern.",B,"REASONING:

Option A: The figures are arranged in a square, which is a common pattern in such puzzles.
Option B: The figures are arranged in a triangular pattern, which is less common but still possible.
Option C: The figures are arranged in a circular pattern, which is the most common pattern in such puzzles.
Option D: The figures are arranged in a random pattern, which is the least common and least likely option.

FINAL ANSWER: C",C,VERIFICATION: CORRECT,C,B
"Given a pair of chairs arranged at a specific angle, select the option from the four provided that matches the angle of the chairs in the question.",C,"REASONING:

Option A: The angle of the chairs is 90 degrees.
Option B: The angle of the chairs is 180 degrees.
Option C: The angle of the chairs is 270 degrees.
Option D: The angle of the chairs is 360 degrees.

FINAL ANSWER: C",C,VERIFICATION: CORRECT,C,C
"Given a pair of chairs arranged at a specific angle, select the option from the four provided that matches the angle of the chairs in the question.",A,"REASONING:

Option A: The angle of the chairs is 90 degrees.
Option B: The angle of the chairs is 180 degrees.
Option C: The angle of the chairs is 270 degrees.
Option D: The angle of the chairs is 360 degrees.

FINAL ANSWER: A",A,VERIFICATION: CORRECT,A,C
"Given a pair of chairs arranged at a specific angle, select the option from the four provided that matches the angle of the chairs in the question.",A,"REASONING:

Option A: The angle of the chairs is 90 degrees.
Option B: The angle of the chairs is 180 degrees.
Option C: The angle of the chairs is 270 degrees.
Option D: The angle of the chairs is 360 degrees.

FINAL ANSWER: A",A,VERIFICATION: CORRECT,A,C
Which of the following options conforms to the pattern given in the figure?,D,"REASONING:

Option A: The pattern in the image consists of black and white squares, and the number of squares in each row is the same. Option A has a row of 4 squares, which is the same number of squares as in the image.

Option B: The pattern in the image consists of black and white squares, and the number of squares in each row is the same. Option B has a row of 3 squares, which is one less than the number of squares in the image.

Option C: The pattern in the image consists of black and white squares, and the number of squares in each row is the same. Option C has a row of 5 squares, which is one more than the number of squares in the image.

Option D: The pattern in the image consists of black and white squares, and the number of squares in each row is the same. Option D has a row of 6 squares, which is two more than the number of squares in the image.

FINAL ANSWER: A",A,VERIFICATION: CORRECT,A,B
How many blocks are in this 3D tower?,C,"REASONING:

Option A: 12 blocks

* The image shows a 3D tower with 12 blocks.

Option B: 16 blocks

* The image shows a 3D tower with 16 blocks.

Option C: 18 blocks

* The image shows a 3D tower with 18 blocks.

Option D: 20 blocks

* The image shows a 3D tower with 20 blocks.

FINAL ANSWER: A",A,VERIFICATION: INCORRECT,VERIFICATION: INCORRECT,16
"Based on the relationship between Origin and Analogy, select the option from the candidates that best completes this analogy.",D,"REASONING:

Option A: Origin + Analogy = Origin'in
This option is incorrect because the word ""Origin"" is not related to the word ""Analogy.""

Option B: Origin + Analogy = Analog
This option is correct because ""Analogy"" is derived from ""Analog,"" which means ""a comparison between two things that are similar in some respects but not identical.""

FINAL ANSWER: B",B,VERIFICATION: CORRECT,B,B
"Choose the most appropriate option from the four given choices to fill in the question mark, so that the figures follow a pattern.",A,"REASONING:

Option A: The figures are arranged in a square, which is a common pattern in puzzles.
Option B: The figures are arranged in a circle, which is another common pattern in puzzles.
Option C: The figures are arranged in a triangular shape, which is less common than the other two options.
Option D: The figures are arranged in a random pattern, which is not consistent with the given image.

FINAL ANSWER: A",A,VERIFICATION: CORRECT,A,B
"Based on the relationship between Origin and Analogy, select the option from the candidates that best completes this analogy.",A,"REASONING:

Option A: Origin + Analogy = Origin'n
This option is incorrect because the word ""Origin"" is not related to the word ""Analogy"" in terms of spelling or meaning.

Option B: Origin + Analogy = Origin'in
This option is incorrect because the word ""Origin"" is not related to the word ""Analogy"" in terms of spelling or meaning.

Option C: Origin + Analogy = Origin'al
This option is correct because the word ""Origin"" is related to the word ""Analogy"" in terms of spelling. The word ""Analogy"" is derived from the Greek word ""analogos,"" which means ""proportionate"" or ""in proportion."" The word ""Origin"" is related to the word ""Originate,"" which means ""to begin or start.""

FINAL ANSWER: C",C,VERIFICATION: CORRECT,C,B
"Given a pair of chairs arranged at a specific angle, select the option from the four provided that matches the angle of the chairs in the question.",A,"REASONING:

Option A: The angle of the chairs is 90 degrees.
Option B: The angle of the chairs is 180 degrees.
Option C: The angle of the chairs is 270 degrees.
Option D: The angle of the chairs is 360 degrees.

FINAL ANSWER: C",C,VERIFICATION: CORRECT,C,C
"Given a pair of chairs arranged at a specific angle, select the option from the four provided that matches the angle of the chairs in the question.",D,"REASONING:

Option A: The angle of the chairs is 90 degrees.
Option B: The angle of the chairs is 180 degrees.
Option C: The angle of the chairs is 270 degrees.
Option D: The angle of the chairs is 360 degrees.

FINAL ANSWER: C",C,VERIFICATION: CORRECT,C,C
"Every night the wizard Tilim makes the weather forecast for the king. When Tilim gets it right he gets 3 gold coins, but when he makes a mistake, he pays a fine of 2 gold coins. After making the prediction for 5 days, Tilim did the math and discovered that he neither won nor lost coins. How many times did he get the weather forecast right in those 5 days?",B,"REASONING:

1. The image shows a wizard holding a wand and a cloud with raindrops.
2. The wizard is wearing a hat, which is a common attire for wizards.
3. The wizard is making a weather forecast for the king.

Based on the image, it is likely that the wizard is a skilled wizard who can predict the weather accurately. However, the image does not provide enough information to determine the exact number of times the wizard got the weather forecast right in the given 5-day period.

FINAL ANSWER: A",A,VERIFICATION: INCORRECT,VERIFICATION: INCORRECT,0
Chase wants to buy 4 kilograms of oval beads and 5 kilograms of star-shaped beads. How much will he spend? (Unit: $),C,"REASONING:

1. ANALYZE THE IMAGE:
   - The image shows a table with different types of beads, including oval and star-shaped beads.
   - The table is organized in a way that allows for easy comparison of the beads.

2. ASSESS EACH OPTION:
   - Option A: 2 / 3 kilograms of oval beads and 3 / 4 kilograms of star-shaped beads.
   - Option B: 3 / 4 kilograms of oval beads and 2 / 3 kilograms of star-shaped beads.
   - Option C: 4 kilograms of oval beads and 5 kilograms of star-shaped beads.
   - Option D: 5 kilograms of oval beads and 4 kilograms of star-shaped beads.

FINAL ANSWER: C",C,VERIFICATION: INCORRECT,VERIFICATION: INCORRECT,$12
"Choose the most appropriate option from the four given choices to fill in the question mark, so that the figures follow a pattern.",A,"REASONING:

Option A: The figures are arranged in a square, which is a common pattern in such puzzles.
Option B: The figures are arranged in a circle, which is another common pattern in such puzzles.
Option C: The figures are arranged in a triangular shape, which is less common than the other two options.
Option D: The figures are arranged in a random pattern, which is the least common and least likely option.

FINAL ANSWER: A",A,VERIFICATION: CORRECT,A,B
"Based on the relationship between Origin and Analogy, select the option from the candidates that best completes this analogy.",D,"REASONING:

Option A: Analogy is a word that means a comparison between two things that are alike in some way. In the image, the two women are smiling and posing in a similar manner, which suggests that they are being compared.

Option B: Origin is a word that refers to the source or cause of something. In the image, the two women are posing with wine glasses, which could be a source or cause of a social event or gathering.

Option C: Candidates are people who are running for a position or job. In the image, the two women are posing for a picture, which could be related to a job or position.

Option D: Candidates are people who are running for a position or job. In the image, the two women are posing for a picture, which could be related to a job or position.

FINAL ANSWER: A",A,VERIFICATION: CORRECT,A,B
"Based on the relationship between Origin and Analogy, select the option from the candidates that best completes this analogy.",D,"REASONING:

Option A: Origin + Analogy = Origin'

Option B: Origin + Analogy = Analogy

Option C: Origin + Analogy = Origin'

Option D: Origin + Analogy = Analogy

FINAL ANSWER: D",D,VERIFICATION: CORRECT,D,B
"Choose the most appropriate option from the four given choices to fill in the question mark, so that the figures follow a pattern.",B,"REASONING:

Option A: The pattern is based on the number of dots in each triangle. The triangles have 3, 4, and 5 dots, respectively. Option A is the only choice that follows this pattern.

Option B: The pattern is based on the number of dots in each triangle. The triangles have 3, 4, and 5 dots, respectively. Option B is the only choice that follows this pattern.

Option C: The pattern is based on the number of dots in each triangle. The triangles have 3, 4, and 5 dots, respectively. Option C is the only choice that follows this pattern.

Option D: The pattern is based on the number of dots in each triangle. The triangles have 3, 4, and 5 dots, respectively. Option D is the only choice that follows this pattern.

FINAL ANSWER: A",A,VERIFICATION: CORRECT,A,B
"Choose the most appropriate option from the four given choices to fill in the question mark, so that the figures follow a pattern.",C,"REASONING:

Option A: The triangle is located at the top left corner of the image, and it is the only shape that is not part of the other shapes. It is also the only shape that is not connected to the other shapes.

Option B: The circle is located at the bottom right corner of the image, and it is the only shape that is not part of the other shapes. It is also the only shape that is not connected to the other shapes.

Option C: The square is located at the top right corner of the image, and it is the only shape that is not part of the other shapes. It is also the only shape that is not connected to the other shapes.

Option D: The house is located at the bottom left corner of the image, and it is the only shape that is not part of the other shapes. It is also the only shape that is not connected to the other shapes.

FINAL ANSWER: A",A,VERIFICATION: CORRECT,A,B
How many right hands are depicted in the image? ,B,There are two right hands depicted in the image.,,VERIFICATION: INCORRECT,VERIFICATION: INCORRECT,1
How many left hands appear in the image? ,C,FINAL ANSWER: A,A,VERIFICATION: CORRECT,A,1
"Based on the relationship between Origin and Analogy, select the option from the candidates that best completes this analogy.",D,"REASONING:

Option A: Analogy is a relationship between two things that are similar in some way. In the image, we can see a bowl of soup and a spoon, which are two things that are often associated with each other.

Option B: Origin is the source or cause of something. In the image, we can see a baby eating food from a bowl, which suggests that the food is the origin of the baby's nourishment.

Option C: Candidates are people who are competing for a position or job. In the image, we can see a person holding a spoon and a bowl of soup, which could be interpreted as a competition for the soup.

Option D: Candidates are people who are running for a political office. In the image, we can see a person holding a spoon and a bowl of soup, which could be interpreted as a competition for the soup.

FINAL ANSWER: A",A,VERIFICATION: INCORRECT,VERIFICATION: INCORRECT,C
Which of the following options follows the pattern in the given figure?,C,"REASONING:

Option A: The figure is a square with a square inside of it.
Option B: The figure is a cube with a cube inside of it.
Option C: The figure is a cube with a square inside of it.
Option D: The figure is a square with a cube inside of it.

FINAL ANSWER: C",C,VERIFICATION: CORRECT,C,B
In the picture we see three dice on top of each other. The sum of the points on opposite sides of the dice is 7 as usual. The sum of the points of areas that face each other is always 5. How many points are on the area marked X?,C,"REASONING:

1. The image shows three dice on top of each other, and the sum of the points on opposite sides of the dice is 7.
2. The sum of the points of areas that face each other is always 5.

We can deduce that the points on the area marked X are 2, as the sum of the points on opposite sides of the dice is 7, and the sum of the points of areas that face each other is 5.

FINAL ANSWER: X",X,VERIFICATION: CORRECT,X,5
"There are three flowers on the back of the left cactus. In total, the cactus on the right has six more flowers than the cactus on the left. How many flowers are on the back of the right cactus?",C,"REASONING:

1. The left cactus has three flowers on its back.
2. The right cactus has six more flowers than the left cactus.
3. The right cactus has a total of nine flowers on its back.

FINAL ANSWER: B",B,VERIFICATION: INCORRECT,VERIFICATION: INCORRECT,12
Andrea made the pattern in <image1> out of several identical tiles. None of the tiles overlap each other. Which of the following tiles in <image2> could she definitely not have used?,D,"REASONING:

1. ANALYZE THE IMAGE:
   - The image shows a pattern made of several identical tiles, with no overlapping.
   - The tiles are arranged in a way that creates a visually appealing and organized structure.

2. ASSESS EACH OPTION:
   - A: The tiles in the image are square, but we cannot be certain about their exact shape.
   - B: The tiles in the image are square, and they do not overlap each other.
   - C: The tiles in the image are square, and they do not overlap each other.
   - D: The tiles in the image are square, and they do not overlap each other.

FINAL ANSWER: B",B,VERIFICATION: INCORRECT,VERIFICATION: INCORRECT,D
"Based on the relationship between Origin and Analogy, select the option from the candidates that best completes this analogy.",B,"REASONING:

Option A: Analogy is a word that means a comparison between two things that are alike in some way. In the image, we can see a man digging a hole in the ground, which is a common activity in the context of the word ""origin."" The word ""origin"" is related to the beginning or source of something, which is what the man is doing in the image.

Option B: Origin is a word that refers to the beginning or source of something. In the image, we can see a man digging a hole in the ground, which is a common activity in the context of the word ""origin."" The word ""origin"" is related to the beginning or source of something, which is what the man is doing in the image.

Option C: Analogy is a word that means a comparison between two things that are alike in some way. In the image, we can see a man digging a hole in the ground, which is a common activity in the context of the word ""origin."" The word ""origin"" is related to the beginning or source of something, which is what the man is doing in the image.

Option D: Origin is a word that refers to the beginning or source of something. In the image, we can see a man digging a hole in the ground, which is a common activity in the context of the word ""origin."" The word ""origin"" is related to the beginning or source of something, which is what the man is doing in the image.

FINAL ANSWER: A",A,VERIFICATION: CORRECT,A,B
"Based on the relationship between Origin and Analogy, select the option from the candidates that best completes this analogy.",C,"REASONING:

Option A: Origin + Analogy = Origin'n
This option is incorrect because it does not follow the correct analogy pattern.

Option B: Origin + Analogy = Origin'in
This option is incorrect because it does not follow the correct analogy pattern.

Option C: Origin + Analogy = Origin'al
This option is correct because it follows the correct analogy pattern. Origin is derived from the Latin word ""originare,"" which means ""to originate."" Analogy is derived from the Greek word ""analogos,"" which means ""proportionate"" or ""in proportion."" Therefore, Origin'al is the correct answer.

FINAL ANSWER: C",C,VERIFICATION: CORRECT,C,B
Sylvia made a setup using some green bricks and 95 gray bricks. How many of these gray bricks are not visible in the cartoon?  ,C,"REASONING:

1. The image shows a green and gray brick cube with a total of 95 bricks.
2. The green bricks are arranged in a checkerboard pattern, covering the entire cube.
3. The gray bricks are arranged in a checkerboard pattern, covering the entire cube.

FINAL ANSWER: B",B,VERIFICATION: INCORRECT,VERIFICATION: INCORRECT,1
"Based on the relationship between Origin and Analogy, select the option from the candidates that best completes this analogy.",A,"REASONING:

Option A: Analogy is the relationship between Origin and Analogy.
Option B: Origin is the relationship between Analogy and Analogy.
Option C: Analogy is the relationship between Origin and Origin.
Option D: Origin is the relationship between Analogy and Origin.

FINAL ANSWER: C",C,VERIFICATION: CORRECT,C,B
"Given a pair of chairs arranged at a specific angle, select the option from the four provided that matches the angle of the chairs in the question.",B,"REASONING:

1. A: The angle of the chairs is 90 degrees.
2. B: The angle of the chairs is 180 degrees.
3. C: The angle of the chairs is 270 degrees.
4. D: The angle of the chairs is 360 degrees.

FINAL ANSWER: A",A,VERIFICATION: CORRECT,A,C
"There are two holes in the cover of a book. The book lies on the table opened up (see <image1>).
After closing up the book which vehicles in <image2> can Olaf see?",D,"REASONING:

1. ANALYZE THE IMAGE:
   - The image shows a book with two holes in the cover, and it is opened up.
   - The image also shows a row of vehicles, including cars and a motorcycle.

2. ASSESS EACH OPTION:
   - A: Cars
   - B: Motorcycle
   - C: Cars
   - D: Motorcycle

FINAL ANSWER: B",B,VERIFICATION: INCORRECT,VERIFICATION: INCORRECT,B
How many left hands appear in the image? ,A,1,1,VERIFICATION: CORRECT,1,1
"Choose the most appropriate option from the four given choices to fill in the question mark, so that the figures follow a pattern.",C,"REASONING:

Option A: The figures are arranged in a square, and the question mark is placed in the middle.
Option B: The figures are arranged in a circle, and the question mark is placed in the center.
Option C: The figures are arranged in a triangle, and the question mark is placed at the top.
Option D: The figures are arranged in a rectangle, and the question mark is placed at the bottom.

FINAL ANSWER: A",A,VERIFICATION: CORRECT,A,B
"The sum of the number in each line, column and diagonal in the 3 times 3 square is always constant. Only two numbers are visible. Which number is missing in field a?",D,"REASONING:

1. ANALYZE THE IMAGE:
   - The image is a 3x3 square with numbers in each cell.
   - The numbers in each line, column, and diagonal add up to the same value.
   - Two numbers are visible.

2. ASSESS EACH OPTION:
   - A: 63
   - B: 47
   - C: 53
   - D: 67

FINAL ANSWER: A",A,VERIFICATION: CORRECT,A,A
How many ways are there for the feline to reach the bird if the feline can only move horizontally or vertically towards the bird in the grid? ,B,"REASONING:

1. ANALYZE THE IMAGE:
   - The feline is positioned horizontally, and the bird is positioned vertically.
   - The feline is on the left side of the grid, and the bird is on the right side.
   - The grid is a 3x3 square, and the feline is on the leftmost square.

2. ASSESS EACH OPTION:
   - A: The feline can move horizontally to the right, but it cannot reach the bird.
   - B: The feline can move horizontally to the right, and it can reach the bird.
   - C: The feline can move vertically upwards, but it cannot reach the bird.
   - D: The feline can move vertically upwards and to the right, and it can reach the bird.

FINAL ANSWER: B",B,"VERIFICATION: INCORRECT
CORRECT ANSWER: B","VERIFICATION: INCORRECT
CORRECT ANSWER: B",1
The boulevard from William's school to Anthony's school is 7 km far. The boulevard from William's school to Felicia's school is 14 km long. The distance from the junction to William's school is as shown. How long is the boulevard from Anthony's school to Felicia's school? ,B,"REASONING:

1. The distance from the junction to William's school is 5 km.
2. The distance from the junction to Anthony's school is 10 km.
3. The distance from the junction to Felicia's school is 14 km.

FINAL ANSWER: A",A,VERIFICATION: INCORRECT,VERIFICATION: INCORRECT,14
"Based on the relationship between Origin and Analogy, select the option from the candidates that best completes this analogy.",B,"REASONING:

Option A: Analogy is a word that means a comparison between two things that are similar in some way. In the image, the word Analogy is placed next to a picture of a person holding a towel. This suggests that the towel is being used as a comparison to the word Analogy.

Option B: Origin is a word that refers to the beginning or source of something. In the image, the word Origin is placed next to a picture of a person doing a yoga pose. This suggests that the yoga pose is being used as a reference to the word Origin.

Option C: Origin is a word that refers to the beginning or source of something. In the image, the word Origin is placed next to a picture of a person doing a yoga pose. This suggests that the yoga pose is being used as a reference to the word Origin.

Option D: Analogy is a word that means a comparison between two things that are similar in some way. In the image, the word Analogy is placed next to a picture of a person doing a yoga pose. This suggests that the yoga pose is being used as a comparison to the word Analogy.

FINAL ANSWER: D",D,VERIFICATION: INCORRECT,VERIFICATION: INCORRECT,B
Which of the following options has the same pattern as the given figure?,C,"REASONING:

Option A: The pattern in the image is a square with a black square in the middle. Option A also has a square with a black square in the middle.

Option B: The pattern in the image is a square with a black square in the middle. Option B has a square with a black square in the middle.

Option C: The pattern in the image is a square with a black square in the middle. Option C has a square with a black square in the middle.

Option D: The pattern in the image is a square with a black square in the middle. Option D has a square with a black square in the middle.

FINAL ANSWER: A",A,VERIFICATION: CORRECT,A,B
"Given a pair of chairs arranged at a specific angle, select the option from the four provided that matches the angle of the chairs in the question.",B,"REASONING:

Option A: The chairs are arranged at a 90-degree angle.
Option B: The chairs are arranged at a 180-degree angle.
Option C: The chairs are arranged at a 270-degree angle.
Option D: The chairs are arranged at a 360-degree angle.

FINAL ANSWER: C",C,VERIFICATION: CORRECT,C,C
"Divide the following six figures into two categories, so that each category displays its own pattern.",A,"REASONING:

1. The first figure is a house, which is a common symbol for a home. It is likely that the other figures will also represent homes or residential elements.
2. The second figure is a triangle, which is a common geometric shape. It is possible that the other figures will also represent geometric shapes or patterns.

FINAL ANSWER: A",A,VERIFICATION: CORRECT,A,B
In how many ways can the monkey reach the feline given that the monkey can only move horizontally or vertically towards the feline in the grid? ,B,"REASONING:

1. ANALYZE THE IMAGE:
   - The image shows a monkey and a tiger in a grid.
   - The monkey is located at the bottom-right corner of the grid, while the tiger is at the top-left corner.
   - The monkey can only move horizontally or vertically towards the tiger.

2. ASSESS EACH OPTION:
   - A: The monkey can move horizontally or vertically to reach the tiger.
   - B: The monkey cannot reach the tiger.
   - C: The monkey can move horizontally or vertically to reach the tiger.
   - D: The monkey cannot reach the tiger.

FINAL ANSWER: C",C,VERIFICATION: CORRECT,C,1
Theodor has built this tower made up of discs. He looks at the tower from above. How many discs does he see?,B,"REASONING:

Option A: 10 discs

* The image shows a stack of 10 discs, which is the most straightforward and clear representation of the tower.

Option B: 9 discs

* The image shows a stack of 9 discs, but it is not as clear and consistent as the 10 discs option.

Option C: 8 discs

* The image shows a stack of 8 discs, but it is not as clear and consistent as the 10 discs option.

Option D: 7 discs

* The image shows a stack of 7 discs, but it is not as clear and consistent as the 10 discs option.

FINAL ANSWER: A",A,VERIFICATION: INCORRECT,VERIFICATION: INCORRECT,10
"Analyze the pattern of changes in the figure below, and choose the appropriate fifth row:",B,"REASONING:

The image consists of a 4x4 grid with hearts and suns arranged in a specific pattern. The hearts are distributed in a way that they are either above or below the suns. The suns are arranged in a way that they are either on the left, right, top, or bottom of the hearts. The pattern is consistent throughout the grid.

1. A: The hearts are above the suns.
2. B: The hearts are below the suns.
3. C: The hearts are on the left, right, top, or bottom of the suns.
4. D: The hearts are in a specific arrangement within the grid.

FINAL ANSWER: B",B,VERIFICATION: CORRECT,B,B
"From the above food web diagram, what would happen to dragonfly if all mayfly die? Note that a green arrow pointing from object A to object B means that A gives B energy to survive.",C,"REASONING:

Option A is a dragonfly, and it is shown eating a mayfly. If all mayfly die, the dragonfly would not have a food source to sustain itself. The green arrow pointing from object A to object B represents the energy transfer from the mayfly to the dragonfly. If there are no mayflies left, the dragonfly would not receive the energy it needs to survive.

FINAL ANSWER: A",A,VERIFICATION: CORRECT,A,B
"Given a pair of chairs arranged at a specific angle, select the option from the four provided that matches the angle of the chairs in the question.",C,"REASONING:

Option A: The chairs are arranged at a 90-degree angle.
Option B: The chairs are arranged at a 180-degree angle.
Option C: The chairs are arranged at a 270-degree angle.
Option D: The chairs are arranged at a 360-degree angle.

FINAL ANSWER: C",C,VERIFICATION: CORRECT,C,C
"Based on the relationship between Origin and Analogy, select the option from the candidates that best completes this analogy.",A,"REASONING:

Option A: Origin + Analogy = Candidates

Option B: Origin + Analogy = Candidates

Option C: Origin + Analogy = Candidates

Option D: Origin + Analogy = Candidates

FINAL ANSWER: D",D,VERIFICATION: CORRECT,D,B
"Based on the relationship between Origin and Analogy, select the option from the candidates that best completes this analogy.",A,"REASONING:

Option A: Analogy is a word that means a comparison between two things that are alike in some way. In the image, there is a balloon that is shaped like a person, and another balloon that is shaped like a hot air balloon. These two balloons are alike in the sense that they are both shaped like objects, and they are both used for different purposes.

Option B: Origin is a word that refers to the beginning or source of something. In the image, there is a candle that is lit, and another candle that is not lit. The lit candle is the origin of the flame, as it is the source of the light and heat.

Option C: Origin is a word that refers to the place where something comes from. In the image, there is a hot air balloon that is floating in the sky. The hot air balloon is a product of human ingenuity, and it is the result of a process that involves heating air and using it to lift the balloon into the sky.

Option D: Origin is a word that refers to the place where something comes from. In the image, there is a candle that is lit, and another candle that is not lit. The lit candle is the origin of the flame, as it is the source of the light and heat.

FINAL ANSWER: A",A,VERIFICATION: CORRECT,A,C
"Choose the most appropriate option from the four given choices to fill in the question mark, so that the figures follow a pattern.",B,"REASONING:

Option A: The figures are arranged in a square, which is a common pattern in many puzzles.
Option B: The figures are arranged in a triangular pattern, which is less common than a square pattern.
Option C: The figures are arranged in a circular pattern, which is not a common pattern in this puzzle.
Option D: The figures are arranged in a diagonal pattern, which is not a common pattern in this puzzle.

FINAL ANSWER: A",A,VERIFICATION: CORRECT,A,B
A man folds a sheet of paper 2 times through the dashed lines and then cuts it through the red line as shown. How many pieces of paper does he end up with? ,B,"REASONING:

1. The man folds the sheet of paper twice through the dashed lines, which creates two parallel lines.
2. He then cuts the paper through the red line, which divides the paper into two equal parts.

FINAL ANSWER: B",B,VERIFICATION: CORRECT,B,4
"Based on the relationship between Origin and Analogy, select the option from the candidates that best completes this analogy.",D,"REASONING:

Option A: Analogy is the relationship between Origin and Analogy.
Option B: Origin is the relationship between Analogy and Analogy.
Option C: Analogy is the relationship between Origin and Origin.
Option D: Origin is the relationship between Analogy and Origin.

FINAL ANSWER: A",A,VERIFICATION: CORRECT,A,B
What number should replace the question mark in the image?,C,FINAL ANSWER: B,B,VERIFICATION: CORRECT,B,13
"Based on the relationship between Origin and Analogy, select the option from the candidates that best completes this analogy.",A,"REASONING:

Option A: Analogy is a word that means a comparison between two things that are alike in some way. In the image, we can see a horse and a cat, which are both animals. The word ""Origin"" is related to the origin of something, which is the beginning or source of something. In this case, the origin of the word ""Analogy"" is the Greek word ""analogia,"" which means ""a comparison.""

Option B: Origin is a word that refers to the source or beginning of something. In the image, we can see a horse and a cat, which are both animals. The word ""Analogy"" is related to the comparison of two things that are alike in some way.

Option C: Analogy is a word that means a comparison between two things that are alike in some way. In the image, we can see a horse and a cat, which are both animals. The word ""Origin"" is related to the origin of something, which is the beginning or source of something.

Option D: Origin is a word that refers to the source or beginning of something. In the image, we can see a horse and a cat, which are both animals. The word ""Analogy"" is related to the comparison of two things that are alike in some way.

FINAL ANSWER: A",A,VERIFICATION: CORRECT,A,B
"Each of seven students has chosen three courses from ten options, and must sit an exam for each of his or her three choices. Two students sitting the same exam must do so at the same time, but no student can sit more than one exam in the same day. The table of choices is given in <image 1>. Find the smallest number of days required to schedule the exams. ",A,"REASONING:

1. ANALYZE THE IMAGE:
   - Identify key visual elements and patterns
   - Note any relationships or rules suggested by the image
   - The image shows a table with ten options and seven students, each of whom has chosen three options.
   - The students must sit an exam for each of their three choices.
   - Two students sitting the same exam must do so at the same time, but no student can sit more than one exam in the same day.

2. ASSESS EACH OPTION:
   - Consider each option systematically
   - Evaluate how well each option aligns with the image and question

FINAL ANSWER: 2",2,VERIFICATION: INCORRECT,VERIFICATION: INCORRECT,2
Who bucket contains the least water?,D,"REASONING:

Option A: The bucket on the left contains 5 liters of water.
Option B: The bucket on the right contains 6 liters of water.
Option C: The bucket on the left contains 6 liters of water.
Option D: The bucket on the right contains 5 liters of water.

FINAL ANSWER: C",C,VERIFICATION: INCORRECT,VERIFICATION: INCORRECT,B
"Given a pair of chairs arranged at a specific angle, select the option from the four provided that matches the angle of the chairs in the question.",A,"REASONING:

Option A: The chairs are arranged at a 90-degree angle.
Option B: The chairs are arranged at a 180-degree angle.
Option C: The chairs are arranged at a 270-degree angle.
Option D: The chairs are arranged at a 360-degree angle.

FINAL ANSWER: A",A,VERIFICATION: CORRECT,A,C
"On a table, five polygon cards are stacked as shown. Each card is numbered according to the color shown at the bottom. The cards are removed one by one from the top of the stack. In what possible order are the cards removed? ",A,"REASONING:

1. The image shows a stack of five colored polygons, each with a number on the bottom.
2. The polygons are pink, green, blue, brown, and purple.
3. The numbers on the bottom are 1, 2, 3, 4, and 5.
4. The polygons are removed one by one from the top of the stack.

FINAL ANSWER: 12345",12345,VERIFICATION: CORRECT,12345,B
"Divide the following six figures into two categories, so that each category displays its own pattern.",A,"REASONING:

1. The first figure is a triangle, which is a common pattern in the image.
2. The second figure is a circle, which is also a common pattern in the image.
3. The third figure is a square, which is not a common pattern in the image.
4. The fourth figure is a triangle, which is a common pattern in the image.
5. The fifth figure is a circle, which is also a common pattern in the image.
6. The sixth figure is a square, which is not a common pattern in the image.

FINAL ANSWER: B",B,"VERIFICATION: INCORRECT
CORRECT ANSWER: B","VERIFICATION: INCORRECT
CORRECT ANSWER: B",B
"Choose the most appropriate option from the four given choices to fill in the question mark, so that the figures follow a pattern.",D,"REASONING:

Option A: The pattern is based on the number of dots in each figure. The first figure has 1 dot, the second has 2 dots, the third has 3 dots, and the fourth has 4 dots. The question mark is placed in the fourth figure, which has 4 dots.

Option B: The pattern is based on the number of dots in each figure. The first figure has 1 dot, the second has 2 dots, the third has 3 dots, and the fourth has 4 dots. The question mark is placed in the third figure, which has 3 dots.

Option C: The pattern is based on the number of dots in each figure. The first figure has 1 dot, the second has 2 dots, the third has 3 dots, and the fourth has 4 dots. The question mark is placed in the second figure, which has 2 dots.

Option D: The pattern is based on the number of dots in each figure. The first figure has 1 dot, the second has 2 dots, the third has 3 dots, and the fourth has 4 dots. The question mark is placed in the first figure, which has 1 dot.

FINAL ANSWER: A",A,VERIFICATION: CORRECT,A,B
"On a table, five polygon cards are stacked as shown. Each card is numbered according to the color shown at the bottom. The cards are removed one by one from the top of the stack. The possible order the cards are removed is: ",C,"REASONING:

1. The image shows a stack of five colored cards, each with a number on the bottom.
2. The cards are removed one by one from the top of the stack.
3. The order of the cards is determined by the color and number on the bottom.

FINAL ANSWER: A",A,VERIFICATION: CORRECT,A,B
"The entire pie seen in the image is divided among several children. Each child receives a piece of pie, and each piece of pie looks identical. What is the maximum possible number of children there? ",A,"REASONING:

1. The image shows a purple circle with a blue center and yellow and blue slices.
2. The blue center of the circle is surrounded by yellow slices, and the blue slices are surrounded by yellow slices.
3. The yellow slices are arranged in a circular pattern, with each slice being the same size and shape.
4. The blue slices are also arranged in a circular pattern, with each slice being the same size and shape.
5. The yellow slices are placed around the blue slices, creating a pattern of alternating blue and yellow slices.

FINAL ANSWER: 4",4,VERIFICATION: INCORRECT,VERIFICATION: INCORRECT,12
The sticks are placed on top of each other. Stick 5 is at the bottom. Stick 7 is at the top. The stick in the middle is: ,D,"REASONING:

1. The sticks are placed on top of each other, and stick 5 is at the bottom.
2. Stick 7 is at the top.

There are two possibilities:

A. Stick 5 is at the top, and stick 7 is at the bottom.
B. Stick 5 is at the bottom, and stick 7 is at the top.

B is the correct answer because the sticks are placed on top of each other, and stick 5 is at the bottom.

FINAL ANSWER: B",B,VERIFICATION: INCORRECT,VERIFICATION: INCORRECT,B
Some art work can be seen on a square-shaped transparent piece of foil as shown in <image1>. The foil is folded over twice as shown in the diagram. What does the foil look like after it has been folded over twice? Choose the correct option from <image2>,A,"REASONING:

Option A shows a square-shaped transparent piece of foil folded over twice, which would result in a square-shaped foil with a folded-over appearance. Option B shows a square-shaped transparent piece of foil folded over twice, but the folded-over appearance is not clearly visible. Option C shows a square-shaped transparent piece of foil folded over twice, but the folded-over appearance is not clearly visible. Option D shows a square-shaped transparent piece of foil folded over twice, but the folded-over appearance is not clearly visible.

FINAL ANSWER: A",A,VERIFICATION: CORRECT,A,B
"Peter places three building blocks on a table, as shown in <image1>. What does he see when he is looking at them from above? Choose the correct option from <image2>.",C,"REASONING:

Option A: The blocks are arranged in a triangular shape, with the top block being the largest and the bottom block being the smallest. This arrangement is consistent with the image and the question.

Option B: The blocks are arranged in a square shape, with the top block being the largest and the bottom block being the smallest. This arrangement is not consistent with the image and the question.

Option C: The blocks are arranged in a circular shape, with the top block being the largest and the bottom block being the smallest. This arrangement is not consistent with the image and the question.

Option D: The blocks are arranged in a rectangular shape, with the top block being the largest and the bottom block being the smallest. This arrangement is not consistent with the image and the question.

FINAL ANSWER: A",A,VERIFICATION: CORRECT,A,B
"At each of the vertices of a cube sits a Bunchkin. Two Bunchkins are said to be adjacent if and only if they sit at either end of one of the cube's edges. Each Bunchkin is either a 'truther', who always tells the truth, or a 'liar', who always lies. All eight Bunchkins say 'I am adjacent to exactly two liars'. What is the maximum number of Bunchkins who are telling the truth?",C,"REASONING:

1. The image shows a square with a black outline, which is a cube.
2. Each vertex of the cube has a Bunchkin, and they are all saying that they are adjacent to exactly two liars.
3. There are eight Bunchkins in total.
4. The statement ""I am adjacent to exactly two liars"" implies that there are two liars at each end of an edge.
5. Since there are eight Bunchkins, and each Bunchkin is adjacent to two liars, there are a total of 16 possible combinations of liars.
6. If all Bunchkins are telling the truth, there would be 8 liars, which is not possible since there are only 8 Bunchkins.
7. If all Bunchkins are lying, there would be 8 liars, which is also not possible since there are only 8 Bunchkins.

FINAL ANSWER: B",B,VERIFICATION: INCORRECT,VERIFICATION: INCORRECT,2
"Given a pair of chairs arranged at a specific angle, select the option from the four provided that matches the angle of the chairs in the question.",C,"REASONING:

Option A: 120 degrees
Option B: 90 degrees
Option C: 180 degrees
Option D: 270 degrees

FINAL ANSWER: C",C,VERIFICATION: CORRECT,C,C
"The entire pie seen in the image is divided among several children. Each child receives a piece of pie, and each piece of pie looks identical. What is the maximum possible number of children there? ",B,"REASONING:

1. The image shows a pie with a green and blue color scheme, which suggests that the colors are the only distinguishing factors among the children.
2. The pie is divided into equal parts, and each part is identical, indicating that the number of children is a multiple of 2.
3. The maximum possible number of children is 2, as each child receives a piece of pie that is identical to every other piece.

FINAL ANSWER: B",B,VERIFICATION: INCORRECT,VERIFICATION: INCORRECT,8
"Six figures were drawn, one on each side of a cube, as shown in <image2>, in different positions. On the side that does not appear beside is the drawing in <image1>.
What is the figure on the face opposite to it? Choose the correct option in <image3>.",B,"REASONING:

1. ANALYZE THE IMAGE:
   - The image shows a cube with six figures drawn on its sides, each in a different position.
   - The figures are arranged in a way that they are not all visible at once.
   - The image is divided into three sections, with one section showing a single figure.

2. ASSESS EACH OPTION:
   - Option A: A triangle
   - Option B: A star
   - Option C: A circle
   - Option D: A square

FINAL ANSWER: B",B,VERIFICATION: INCORRECT,VERIFICATION: INCORRECT,B
"Choose the most appropriate option from the four given choices to fill in the question mark, so that the figures follow a pattern.",A,"REASONING:

Option A: The figures are arranged in a square, and the question mark is placed in the middle.
Option B: The figures are arranged in a square, and the question mark is placed at the corner.
Option C: The figures are arranged in a diamond shape, and the question mark is placed at the center.
Option D: The figures are arranged in a diamond shape, and the question mark is placed at the corner.

FINAL ANSWER: A",A,VERIFICATION: CORRECT,A,B
How many different digits can you find in this picture?,C,"REASONING:

Option A: 5
- The cat has a number 5 on its face.

Option B: 8
- The cat is black and white, and the number 8 is a combination of these two colors.

Option C: 9
- The cat is black and white, and the number 9 is a combination of these two colors.

Option D: 0
- The cat is black and white, and the number 0 is a combination of these two colors.

FINAL ANSWER: A",A,VERIFICATION: INCORRECT,VERIFICATION: INCORRECT,1
"You can move or rotate each shape in <image2> as you like, but you are not allowed to flip them over. What shape is not used in the puzzle in <image1>?",C,"REASONING:

1. <image1> has a total of 12 shapes, while <image2> has 10 shapes.
2. The shapes in <image1> are arranged in a square, while the shapes in <image2> are arranged in a circle.
3. The shapes in <image1> are connected to each other, while the shapes in <image2> are not connected to each other.

FINAL ANSWER: B",B,VERIFICATION: INCORRECT,VERIFICATION: INCORRECT,X
"Divide the following six figures into two categories, so that each category displays its own pattern.",A,"REASONING:

1. The first figure is a triangle with a dot in the middle.
2. The second figure is a triangle with a dot at the top.
3. The third figure is a triangle with a dot at the bottom.
4. The fourth figure is a triangle with a dot at the left side.
5. The fifth figure is a triangle with a dot at the right side.
6. The sixth figure is a triangle with a dot at the center.

FINAL ANSWER: B",B,VERIFICATION: CORRECT,B,B
