question,answer,cot_reasoning,cot_answer,direct_answer,cot_correct,direct_correct
"Divide the following six figures into two categories, so that each category displays its own pattern.",D,"FINAL ANSWER:

1. Divide the six figures into two categories:
   a. Triangles: 1, 3, 5, 7, 9, 11
   b. Squares: 2, 4, 6, 8, 10, 12

The figures are divided into two categories based on their shape: triangles and squares. Each category displays its own pattern, with",1,The six figures are divided into two categories: triangles and squares.,False,False
"Choose the most appropriate option from the four given choices to fill in the question mark, so that the figures follow a pattern.",B,FINAL ANSWER: B,B,The most appropriate option to fill in the question mark is B.,True,False
"In each square of the maze there is a piece of cheese. Ronnie the mouse wants to enter and leave the maze as shown in the picture. He doesn't want to visit a square more than once, but would like to eat as much cheese as possible. What is the maximum number of pieces of cheese that he can eat?",C,FINAL ANSWER: C,C,A: 32,True,False
Michael has two building blocks as shown in <image1>. Each building block is made up of two cubes glued together. Which figure in <image2> can he not make using the blocks?,B,FINAL ANSWER: B,B,"In the image, there are two building blocks made up of two cubes glued together. Each block has four sides. In the image, there are four figures, but only one of them cannot be made using the blocks. The figure that cannot be made is the one with a single cube on each side. The other three figures can be made using the blocks.",True,False
"Bruce ciphers words adopting the board demonstrated. For example, the word DVEJ is ciphered as GT WI GH NH. What word did Bruce cipher NQ OH OT WI? ",C,FINAL ANSWER: D: KFQV,D: KFQV,D: KFQV,False,False
"Based on the relationship between Origin and Analogy, select the option from the candidates that best completes this analogy.",C,FINAL ANSWER: B,B,Origin + Analogy = Origin's,False,False
This diagram in <image1> shows two see-through sheets. You place the sheets on top of each other. Which pattern from <image2> do you get?,D,FINAL ANSWER: B,B,The diagram in <image1> shows two see-through sheets. You place the sheets on top of each other. The pattern from <image2> that you get is the triangle.,False,False
Which cube can be made based on the unfolded cube?,A,"I'll apply the reasoning approach to solve the visual puzzle:

1. PUZZLE IDENTIFICATION:
   - The puzzle is a pattern-based problem, where the goal is to identify the correct cube that can be made based on the unfolded cube.
   - The core elements are the unfolded cube and the four options provided.
2. PATTERN RECOGNITION:
   - The pattern is based on the unfold","PATTERN RECOGNITION:
   - The pattern is based on the unfold","The cube that can be made based on the unfolded cube is the one with the letter ""B"" on it.",False,False
Which kite has the longest string?,C,"I'll solve this visual puzzle by applying a systematic reasoning approach:

1. PUZZLE IDENTIFICATION:
   - What type of puzzle is presented? (pattern, sequence, transformation, analogy, etc.)
   - What are the core elements and their arrangement?

2. PATTERN RECOGNITION:
   - What patterns, sequences, or relationships exist between elements?
   - Are there visual transformations (","PATTERN RECOGNITION:
   - What patterns, sequences, or relationships exist between elements?
   - Are there visual transformations (",The kite with the longest string is the one on the left.,False,False
"Based on the relationship between Origin and Analogy, select the option from the candidates that best completes this analogy.",A,FINAL ANSWER: B,B,Origin is the root of the word Analogy.,False,False
Rachel made a shape using some black blocks and 112 white blocks. How many of these white blocks cannot be seen in the drawing?  ,D,FINAL ANSWER: A,A,A,False,False
"Given a pair of chairs arranged at a specific angle, select the option from the four provided that matches the angle of the chairs in the question.",B,FINAL ANSWER: C,C,C,False,False
"Based on the relationship between Origin and Analogy, select the option from the candidates that best completes this analogy.",A,FINAL ANSWER: B,B,B,False,False
"Based on the relationship between Origin and Analogy, select the option from the candidates that best completes this analogy.",C,FINAL ANSWER: B,B,Origin + Analogy = Origin'n,False,False
"Divide the following six figures into two categories, so that each category displays its own pattern.",D,"FINAL ANSWER:

1. Triangle and Star
2. Triangle and Circle
3. Triangle and Cross
4. Triangle and Diamond
5. Triangle and Square
6. Triangle and Pentagon",1,The six figures are divided into two categories: one with a triangle pattern and the other with a circle pattern.,False,False
"Divide the following six figures into two categories, so that each category displays its own pattern.",D,"FINAL ANSWER:

1. Divide the figures into two categories:
   a. Triangles: 1, 2, 3, 4, 5, 6
   b. Circles: 7, 8, 9, 10, 11, 12

The six figures are divided into two categories based on their shapes: triangles and circles.",1,"The six figures are divided into two categories: geometric shapes and circles. The geometric shapes include a square, a triangle, and a diamond. The circles include a circle, a wheel, and a donut.",False,False
"Given a pair of chairs arranged at a specific angle, select the option from the four provided that matches the angle of the chairs in the question.",D,FINAL ANSWER: C,C,C,False,False
A big cube is made up of 9 identical building blocks. Each building block looks like this: <image1>. Which big cube in <image2> is possible?,A,"FINAL ANSWER: The big cube in <image2> is possible if the building blocks are arranged in a 3x3 grid, with each block being a smaller cube.","The big cube in <image2> is possible if the building blocks are arranged in a 3x3 grid, with each block being a smaller cube","The image shows a big cube made up of nine identical building blocks. The building blocks are arranged in a way that they resemble a checkerboard pattern. The image also shows a smaller cube, which is made up of four building blocks. The smaller cube is placed in the middle of the big cube.

The question asks which big cube in <image2> is possible. The answer is that the big cube in <image2> is the one that is made up of four building",False,False
Kathryn's place is 4 kilometers from Rebecca's place. The lane from Kathryn's place to Joshua's place is 9 kilometers long. The distance from the junction to Kathryn's place is as shown. How long is the lane from Rebecca's place to Joshua's place? ,A,FINAL ANSWER: B,B,B,False,False
"In the Kangaroo constellation, all stars have a number greater than 3 and their sum is 20. Which option shows the Kangaroo constellation?",B,FINAL ANSWER: 5C,5C,"The Kangaroo constellation is represented by the stars 5, 4, 6, 7, and 3.",False,False
"Lisa needs exactly 3 pieces to complete her jigsaw in <image1>.
Which of the 4 pieces in <image2> is left over?",A,FINAL ANSWER: B,B,"In the image, there are four pieces of a jigsaw puzzle. The first image shows three pieces missing, and the second image shows the remaining piece. The missing pieces in the first image are the ones that Lisa needs to complete her jigsaw. The remaining piece in the second image is the one that she needs to find.",False,False
Which figure is a rotation of the object?,D,"I'll solve this visual puzzle by applying a systematic reasoning approach:

1. PUZZLE IDENTIFICATION:
   - What type of puzzle is presented? (pattern, sequence, transformation, analogy, etc.)
   - What are the core elements and their arrangement?

2. PATTERN RECOGNITION:
   - What patterns, sequences, or relationships exist between elements?
   - Are there visual transformations (","PATTERN RECOGNITION:
   - What patterns, sequences, or relationships exist between elements?
   - Are there visual transformations (",The figure that is a rotation of the object is the one with the stars.,False,False
"Given a pair of chairs arranged at a specific angle, select the option from the four provided that matches the angle of the chairs in the question.",D,FINAL ANSWER: C,C,C,False,False
"Ella wants to write a number into each cell of a 3 times 3 grid so that the sum of the numbers in any two cells that share an edge is the same. She has already written two numbers, as shown in the diagram.
When Ella has completed the grid, what will be the sum of all the numbers in the grid?",B,FINAL ANSWER: C,C,The sum of all the numbers in the grid will be 22.,False,False
"Divide the following six figures into two categories, so that each category displays its own pattern.",D,"FINAL ANSWER:

1. Divide the figures into two categories:
   a. Triangles: 1, 3, 5, 7, 9, 11, 13, 15, 17, 19, 21, 23, 25, 27, 29, 31, 33, 35, 37, 3",1,The six figures are divided into two categories: one with a square pattern and the other with a circle pattern.,False,False
"Based on the relationship between Origin and Analogy, select the option from the candidates that best completes this analogy.",A,FINAL ANSWER: B,B,B,False,False
"Jeff represents words applying the board demonstrated. For example, the word DCXEH is represented as AM KF GF GI AF. What word did Jeff represent KS KF LC LF GM? ",B,FINAL ANSWER: B,B,A: TSMBC,True,False
"Choose the most appropriate option from the four given choices to fill in the question mark, so that the figures follow a pattern.",B,FINAL ANSWER: B,B,The most appropriate option to fill in the question mark is B.,True,False
"Given a pair of chairs arranged at a specific angle, select the option from the four provided that matches the angle of the chairs in the question.",C,FINAL ANSWER: C,C,C,True,True
"Given a pair of chairs arranged at a specific angle, select the option from the four provided that matches the angle of the chairs in the question.",A,FINAL ANSWER: C,C,C,False,False
"Given a pair of chairs arranged at a specific angle, select the option from the four provided that matches the angle of the chairs in the question.",A,FINAL ANSWER: C,C,C,False,False
Which of the following options conforms to the pattern given in the figure?,D,"I'll apply the reasoning approach to solve the visual puzzle:

1. PUZZLE IDENTIFICATION:
   - The puzzle is a pattern-based puzzle, with a series of squares arranged in a specific order.
   - The squares are arranged in a 3x3 grid, with each square having a unique pattern.
2. PATTERN RECOGNITION:
   - The pattern consists of a series of squares with","PATTERN RECOGNITION:
   - The pattern consists of a series of squares with",The pattern in the figure consists of black and white squares arranged in a checkerboard-like pattern. The best option that conforms to this pattern is option B.,False,False
How many blocks are in this 3D tower?,C,FINAL ANSWER: C,C,A: 7,True,False
"Based on the relationship between Origin and Analogy, select the option from the candidates that best completes this analogy.",D,FINAL ANSWER: B,B,B,False,False
"Choose the most appropriate option from the four given choices to fill in the question mark, so that the figures follow a pattern.",A,"I'll apply the reasoning approach to solve the visual puzzle:

1. PUZZLE IDENTIFICATION:
   - The puzzle is a pattern-based puzzle, where the goal is to fill in the question mark with a figure that follows a specific pattern.
   - The core elements are the figures and the question mark, and they are arranged in a grid-like structure.
2. PATTERN RECOGNITION:
  ",PATTERN RECOGNITION:,The most appropriate option to fill in the question mark is B.,False,False
"Based on the relationship between Origin and Analogy, select the option from the candidates that best completes this analogy.",A,FINAL ANSWER: B,B,Origin + Analogy = Origin'n,False,False
"Given a pair of chairs arranged at a specific angle, select the option from the four provided that matches the angle of the chairs in the question.",A,FINAL ANSWER: C,C,C,False,False
"Given a pair of chairs arranged at a specific angle, select the option from the four provided that matches the angle of the chairs in the question.",D,FINAL ANSWER: C,C,C,False,False
"Every night the wizard Tilim makes the weather forecast for the king. When Tilim gets it right he gets 3 gold coins, but when he makes a mistake, he pays a fine of 2 gold coins. After making the prediction for 5 days, Tilim did the math and discovered that he neither won nor lost coins. How many times did he get the weather forecast right in those 5 days?",B,FINAL ANSWER: A,A,C,False,False
Chase wants to buy 4 kilograms of oval beads and 5 kilograms of star-shaped beads. How much will he spend? (Unit: $),C,FINAL ANSWER: C,C,A,True,False
"Choose the most appropriate option from the four given choices to fill in the question mark, so that the figures follow a pattern.",A,FINAL ANSWER: B,B,The most appropriate option to fill in the question mark is B.,False,False
"Based on the relationship between Origin and Analogy, select the option from the candidates that best completes this analogy.",D,FINAL ANSWER: B,B,B,False,False
"Based on the relationship between Origin and Analogy, select the option from the candidates that best completes this analogy.",D,FINAL ANSWER: B,B,C,False,False
"Choose the most appropriate option from the four given choices to fill in the question mark, so that the figures follow a pattern.",B,FINAL ANSWER: B,B,The most appropriate option to fill in the question mark is B. This will create a pattern of alternating triangles and squares. The other options do not follow the pattern of alternating triangles and squares.,True,False
"Choose the most appropriate option from the four given choices to fill in the question mark, so that the figures follow a pattern.",C,"I'll apply the reasoning approach to solve the visual puzzle:

1. PUZZLE IDENTIFICATION:
   - The puzzle is a pattern-based puzzle, where the goal is to fill in the question mark with a figure that follows a specific pattern.
   - The figures are arranged in a row, and the question mark is empty.
2. PATTERN RECOGNITION:
   - The figures follow a specific pattern","PATTERN RECOGNITION:
   - The figures follow a specific pattern",The most appropriate option to fill in the question mark is B.,False,False
How many right hands are depicted in the image? ,B,FINAL ANSWER: C,C,C: 11,False,False
How many left hands appear in the image? ,C,FINAL ANSWER: A,A,B: 8,False,False
"Based on the relationship between Origin and Analogy, select the option from the candidates that best completes this analogy.",D,FINAL ANSWER: B,B,C,False,False
Which of the following options follows the pattern in the given figure?,C,"I'll apply the reasoning approach to solve the visual puzzle:

1. PUZZLE IDENTIFICATION:
   - The puzzle is a pattern-based puzzle, with a series of geometric shapes arranged in a specific order.
   - The core elements are squares, and they are arranged in a specific sequence.
2. PATTERN RECOGNITION:
   - The pattern consists of squares arranged in a specific sequence, with each","PATTERN RECOGNITION:
   - The pattern consists of squares arranged in a specific sequence, with each","The pattern in the given figure is a square with a square inside it. The options that follow this pattern are B, C, and D.",False,False
"There are white, grey and black squares. Three children use these to make this pattern in <image1>.
First Anni replaces all black squares with white squares.
Then Bob replaces all grey squares with black squares.
Finally Chris replaces all white squares with grey squares.
Which picture in <image2> have the three children now created?",A,FINAL ANSWER: B,B,The three children have created the image in <image2> that has a black square in the middle surrounded by white squares.,False,False
In the picture we see three dice on top of each other. The sum of the points on opposite sides of the dice is 7 as usual. The sum of the points of areas that face each other is always 5. How many points are on the area marked X?,C,FINAL ANSWER: B,B,B,False,False
"There are three flowers on the back of the left cactus. In total, the cactus on the right has six more flowers than the cactus on the left. How many flowers are on the back of the right cactus?",C,FINAL ANSWER: B,B,B,False,False
Andrea made the pattern in <image1> out of several identical tiles. None of the tiles overlap each other. Which of the following tiles in <image2> could she definitely not have used?,D,"I'll solve this visual puzzle by applying a systematic reasoning approach:

1. PUZZLE IDENTIFICATION:
   - What type of puzzle is presented? (pattern, sequence, transformation, analogy, etc.)
   - What are the core elements and their arrangement?

2. PATTERN RECOGNITION:
   - What patterns, sequences, or relationships exist between elements?
   - Are there visual transformations (","PATTERN RECOGNITION:
   - What patterns, sequences, or relationships exist between elements?
   - Are there visual transformations (","In the image, there are four tiles in the top right corner and four tiles in the bottom left corner. The tiles in the top right corner are the same as the tiles in the bottom left corner. The tiles in the top left corner are different from the tiles in the bottom right corner. The tiles in the top left corner are the ones Andrea could not have used.",False,False
"Based on the relationship between Origin and Analogy, select the option from the candidates that best completes this analogy.",B,FINAL ANSWER: B,B,C,True,False
"Based on the relationship between Origin and Analogy, select the option from the candidates that best completes this analogy.",C,FINAL ANSWER: B,B,B,False,False
Sylvia made a setup using some green bricks and 95 gray bricks. How many of these gray bricks are not visible in the cartoon?  ,C,FINAL ANSWER: C,C,C: 64,True,False
"Based on the relationship between Origin and Analogy, select the option from the candidates that best completes this analogy.",A,FINAL ANSWER: B,B,Origin + Analogy = Candidates,False,False
"Given a pair of chairs arranged at a specific angle, select the option from the four provided that matches the angle of the chairs in the question.",B,FINAL ANSWER: C,C,C,False,False
"There are two holes in the cover of a book. The book lies on the table opened up (see <image1>).
After closing up the book which vehicles in <image2> can Olaf see?",D,FINAL ANSWER: B,B,"In the image, there are two vehicles that Olaf can see after closing the book. These vehicles are a car and a motorcycle.",False,False
How many left hands appear in the image? ,A,FINAL ANSWER: C,C,C: 9,False,False
"Choose the most appropriate option from the four given choices to fill in the question mark, so that the figures follow a pattern.",C,FINAL ANSWER: B,B,The most appropriate option to fill in the question mark is B.,False,False
"The sum of the number in each line, column and diagonal in the 3 times 3 square is always constant. Only two numbers are visible. Which number is missing in field a?",D,FINAL ANSWER: A,A,A,False,False
How many ways are there for the feline to reach the bird if the feline can only move horizontally or vertically towards the bird in the grid? ,B,FINAL ANSWER: C,C,A: 13,False,False
The boulevard from William's school to Anthony's school is 7 km far. The boulevard from William's school to Felicia's school is 14 km long. The distance from the junction to William's school is as shown. How long is the boulevard from Anthony's school to Felicia's school? ,B,"PUZZLE IDENTIFICATION:
The puzzle is a spatial reasoning problem, where the goal is to determine the distance between two points on a map.

PATTERN RECOGNITION:
The puzzle involves a series of distances and connections between different locations. The pattern is that the distance from the junction to a specific school is equal to the distance from the junction to William's school plus the distance from William's school to the specific",The pattern is that the distance from the junction to a specific school is equal to the distance from the junction to William's school plus the distance from William's school to the specific,B,False,True
"Based on the relationship between Origin and Analogy, select the option from the candidates that best completes this analogy.",B,FINAL ANSWER: B,B,B,True,True
Which of the following options has the same pattern as the given figure?,C,"I'll solve this visual puzzle by applying a systematic reasoning approach:

1. PUZZLE IDENTIFICATION:
   - What type of puzzle is presented? (pattern, sequence, transformation, analogy, etc.)
   - The puzzle consists of a series of black and white squares arranged in a grid, with each square having a unique pattern.

2. PATTERN RECOGNITION:
   - What patterns,","PATTERN RECOGNITION:
   - What patterns,","The figure in the image has a pattern of black and white squares arranged in a square grid. The options provided are:

A. A square with black and white squares
B. A square with black and white squares
C. A square with black and white squares
D. A square with black and white squares

The correct answer is D.",False,False
"Given a pair of chairs arranged at a specific angle, select the option from the four provided that matches the angle of the chairs in the question.",B,FINAL ANSWER: C,C,C,False,False
"Divide the following six figures into two categories, so that each category displays its own pattern.",A,"FINAL ANSWER:

1. Triangle and Square:
   - Triangle: 1, 3, 5, 7, 9, 11, 13, 15, 17, 19, 21, 23, 25, 27, 29, 31, 33, 35, 37, 39, 4",1,The six figures are divided into two categories: triangles and squares.,False,False
In how many ways can the monkey reach the feline given that the monkey can only move horizontally or vertically towards the feline in the grid? ,B,FINAL ANSWER: B,B,B,True,True
Theodor has built this tower made up of discs. He looks at the tower from above. How many discs does he see?,B,FINAL ANSWER: C,C,C,False,False
"Analyze the pattern of changes in the figure below, and choose the appropriate fifth row:",B,FINAL ANSWER: B,B,"The image displays a pattern of hearts and suns arranged in a grid. The hearts are located in the middle of the grid, while the suns are positioned at the corners. The pattern is repeated in a checkerboard-like fashion. The fifth row of the pattern is represented by the suns in the corners.",True,False
"From the above food web diagram, what would happen to dragonfly if all mayfly die? Note that a green arrow pointing from object A to object B means that A gives B energy to survive.",C,FINAL ANSWER: D,D,A: remains the same,False,False
"Given a pair of chairs arranged at a specific angle, select the option from the four provided that matches the angle of the chairs in the question.",C,FINAL ANSWER: C,C,C,True,True
"Based on the relationship between Origin and Analogy, select the option from the candidates that best completes this analogy.",A,FINAL ANSWER: B,B,C,False,False
"Based on the relationship between Origin and Analogy, select the option from the candidates that best completes this analogy.",A,FINAL ANSWER: B,B,C,False,False
"Choose the most appropriate option from the four given choices to fill in the question mark, so that the figures follow a pattern.",B,FINAL ANSWER: B,B,The most appropriate option to fill in the question mark is B.,True,False
A man folds a sheet of paper 2 times through the dashed lines and then cuts it through the red line as shown. How many pieces of paper does he end up with? ,B,FINAL ANSWER: C,C,A,False,False
"Based on the relationship between Origin and Analogy, select the option from the candidates that best completes this analogy.",D,FINAL ANSWER: B,B,"Origin + Analogy = Origin'

The correct answer is ""Origin"".",False,False
What number should replace the question mark in the image?,C,FINAL ANSWER: C,C,B: 16,True,False
"Based on the relationship between Origin and Analogy, select the option from the candidates that best completes this analogy.",A,FINAL ANSWER: B,B,"Origin is the source or starting point, while Analogy is the comparison or relationship between two things.",False,False
"Each of seven students has chosen three courses from ten options, and must sit an exam for each of his or her three choices. Two students sitting the same exam must do so at the same time, but no student can sit more than one exam in the same day. The table of choices is given in <image 1>. Find the smallest number of days required to schedule the exams. ",A,"PUZZLE IDENTIFICATION:
The puzzle is a scheduling problem, where the goal is to find the smallest number of days required to schedule the exams for the students.

PATTERN RECOGNITION:
The pattern is that each student has chosen three courses, and the students must sit an exam for each of their three choices. The students are scheduled to take exams at the same time, but no student can sit more than one exam","The students are scheduled to take exams at the same time, but no student can sit more than one exam",B,False,False
Who bucket contains the least water?,D,"I'll solve this visual puzzle by applying a systematic reasoning approach:

1. PUZZLE IDENTIFICATION:
   - What type of puzzle is presented? (pattern, sequence, transformation, analogy, etc.)
   - What are the core elements and their arrangement?

2. PATTERN RECOGNITION:
   - What patterns, sequences, or relationships exist between elements?
   - Are there visual transformations (","PATTERN RECOGNITION:
   - What patterns, sequences, or relationships exist between elements?
   - Are there visual transformations (",Bucket B,False,False
"Given a pair of chairs arranged at a specific angle, select the option from the four provided that matches the angle of the chairs in the question.",A,FINAL ANSWER: C,C,C,False,False
"On a table, five polygon cards are stacked as shown. Each card is numbered according to the color shown at the bottom. The cards are removed one by one from the top of the stack. In what possible order are the cards removed? ",A,FINAL ANSWER: B,B,A: 2-5-3-1-4,False,False
"Divide the following six figures into two categories, so that each category displays its own pattern.",A,"FINAL ANSWER:

1. Bottom left figure: Triangle
2. Bottom right figure: Circle
3. Top left figure: Triangle
4. Top right figure: Circle
5. Middle left figure: Triangle
6. Middle right figure: Circle",1,"The six figures are divided into two categories: one with four figures and one with two figures. The four figures are arranged in a square, while the two figures are arranged in a triangle.",False,False
"Choose the most appropriate option from the four given choices to fill in the question mark, so that the figures follow a pattern.",D,FINAL ANSWER: B,B,The most appropriate option to fill in the question mark is B.,False,False
"On a table, five polygon cards are stacked as shown. Each card is numbered according to the color shown at the bottom. The cards are removed one by one from the top of the stack. The possible order the cards are removed is: ",C,FINAL ANSWER: C,C,C: 2-1-4-3-5,True,False
"The entire pie seen in the image is divided among several children. Each child receives a piece of pie, and each piece of pie looks identical. What is the maximum possible number of children there? ",A,FINAL ANSWER: C,C,A: 9,False,False
The sticks are placed on top of each other. Stick 5 is at the bottom. Stick 7 is at the top. The stick in the middle is: ,D,FINAL ANSWER: B,B,B,False,False
Some art work can be seen on a square-shaped transparent piece of foil as shown in <image1>. The foil is folded over twice as shown in the diagram. What does the foil look like after it has been folded over twice? Choose the correct option from <image2>,A,"PUZZLE IDENTIFICATION:
The puzzle is a transformation puzzle, where a square-shaped transparent piece of foil is folded over twice.

PATTERN RECOGNITION:
The foil is transformed into a diamond shape after being folded over twice.

REASONING APPLICATION:
The transformation is a reflection across the diagonal axis.

TESTING EACH OPTION:
Option","TESTING EACH OPTION:
Option","The foil is folded over twice, creating a square shape.",False,False
"Peter places three building blocks on a table, as shown in <image1>. What does he see when he is looking at them from above? Choose the correct option from <image2>.",C,FINAL ANSWER: B,B,"In <image1>, Peter places three building blocks on a table, and they are arranged in a way that they look like a train. From above, he would see a train-like structure. In <image2>, the blocks are arranged in a way that they look like a truck. From above, he would see a truck-like structure.",False,False
"At each of the vertices of a cube sits a Bunchkin. Two Bunchkins are said to be adjacent if and only if they sit at either end of one of the cube's edges. Each Bunchkin is either a 'truther', who always tells the truth, or a 'liar', who always lies. All eight Bunchkins say 'I am adjacent to exactly two liars'. What is the maximum number of Bunchkins who are telling the truth?",C,FINAL ANSWER: B,B,B: 3,False,False
"Given a pair of chairs arranged at a specific angle, select the option from the four provided that matches the angle of the chairs in the question.",C,FINAL ANSWER: C,C,C,True,True
"The entire pie seen in the image is divided among several children. Each child receives a piece of pie, and each piece of pie looks identical. What is the maximum possible number of children there? ",B,FINAL ANSWER: C,C,A,False,False
"Six figures were drawn, one on each side of a cube, as shown in <image2>, in different positions. On the side that does not appear beside is the drawing in <image1>.
What is the figure on the face opposite to it? Choose the correct option in <image3>.",B,"PUZZLE IDENTIFICATION:
The puzzle is a visual problem that requires identifying the figure on the face opposite to the one in <image1>. It is a pattern recognition problem.

PATTERN RECOGNITION:
The figures are arranged in a 3x3 grid, with one figure on each side of a cube. The pattern is that the figures are rotated and flipped, but their positions remain the same.

",,"In the image, there are six figures drawn on different sides of a cube. The figure on the side opposite to the one in <image1> is a kangaroo. In <image3>, the correct answer is B.",False,True
"Choose the most appropriate option from the four given choices to fill in the question mark, so that the figures follow a pattern.",A,FINAL ANSWER: B,B,The most appropriate option to fill in the question mark is B.,False,False
Sandra created a stacking toy using 8 pieces. How many pieces will she see from top? ,C,FINAL ANSWER: C,C,A,True,False
How many different digits can you find in this picture?,C,FINAL ANSWER: B,B,B: 5,False,False
"You can move or rotate each shape in <image2> as you like, but you are not allowed to flip them over. What shape is not used in the puzzle in <image1>?",C,FINAL ANSWER: X,X,"In the image, there are two puzzles, one with a cross shape and the other with a square shape. The cross shape is not used in the puzzle in <image1>.",False,False
"Divide the following six figures into two categories, so that each category displays its own pattern.",A,"FINAL ANSWER:

1. Triangle with a dot in the center and a line extending from the top to the bottom.
2. Triangle with a dot in the center and a line extending from the left to the right.
3. Triangle with a dot in the center and a line extending from the bottom to the top.
4. Triangle with a dot in the center and a line extending from the right to the left.
5.",1,The six figures are divided into two categories: triangles and circles.,False,False
