question,answer,cot_reasoning,cot_answer,direct_answer,cot_correct,direct_correct,false_positive,false_negative
Is there a chair in the image?,no,"REASONING: There appears to be seating furniture in the image such as couches or sofas, which are not chairs. The objects visible do not resemble standalone chairs with four legs and a single seat structure. The blurry effect makes it somewhat difficult, but no clear isolated chair is identifiable. The visible seating arrangements are couches or armchairs, not simple chairs. FINAL ANSWER: NO",NO,A,True,False,False,False
Is there a chair in the image?,yes,"REASONING: There is a wooden chair with armrests located near the back center of the room, positioned against the wall just behind the bed.  
FINAL ANSWER: YES",YES,yes,True,True,False,False
Is there a baseball glove in the image?,no,"REASONING: There is no visible baseball glove on the person or in the scene; the person is holding a tennis racket and wearing sports attire typical for tennis, not baseball. The glove the person is wearing is a wrist sweatband, not a baseball glove. The environment appears to be a tennis court, which is unrelated to baseball equipment. Therefore, there is no indication of a baseball glove present in the image.

FINAL ANSWER: NO",NO,B,True,False,False,False
Is there a bowl in the image?,yes,"REASONING: The image shows a pot or deep pan filled with a vegetable stew or soup; the container has tall sides and is on a stove, which is typical for pots or pans rather than bowls. A bowl is generally smaller, shallower, and used for serving rather than cooking, and there is no indication of a bowl present in the image. Therefore, despite the presence of food, there is no bowl visible.

FINAL ANSWER: NO",NO,no,False,False,False,True
Is there a dining table in the image?,no,"REASONING: There is no visible dining table in the image; the scene shows people playing a sport on a grassy field with no tables present. The objects visible are limited to people, a frisbee, cars, and outdoor items, none resembling a dining table. FINAL ANSWER: NO",NO,no,True,True,False,False
Is there a dining table in the image?,yes,"REASONING: The image shows a bedroom setup with a bed, chairs, a dresser with a mirror, and another piece of furniture that looks like a desk or writing table, but there is no table specifically designed for dining or accompanied by dining chairs.
FINAL ANSWER: NO",NO,no,False,False,False,True
Is there a baseball glove in the image?,yes,"REASONING: There is a catcher's mitt visible on the player crouching behind the batter, which is a type of baseball glove. The object is clearly discernible as a glove designed to catch baseballs. Therefore, the baseball glove is present in the image.  
FINAL ANSWER: YES",YES,C,True,False,False,False
Is there a knife in the image?,no,"REASONING: There is no visible knife in the person's hands or anywhere on the counter or in the immediate surroundings. The person is holding a pizza on a baking sheet with an oven mitt, but no knife can be seen. 
FINAL ANSWER: NO",NO,no,True,True,False,False
Is there a sports ball in the image?,yes,"REASONING: The image shows a baseball game with players positioned on the field, including a batter, catcher, and pitcher. A small white ball is clearly visible in mid-air between the pitcher and the batter. This is a baseball, which is a sports ball. FINAL ANSWER: YES",YES,A,True,False,False,False
Is there a car in the image?,yes,"REASONING: There is no visible car in the image; instead, there is a horse-drawn carriage with two people seated and a dog standing on the back of the carriage. There are no motor vehicles or cars present in the background or foreground. The presence of the horse and carriage clearly indicates a lack of an automobile.
FINAL ANSWER: NO",NO,no,False,False,False,True
Is there a cell phone in the image?,no,"REASONING: There is no visible object that resembles a cell phone on the countertops, stove area, window sill, or any other part of the kitchen in the image. The items visible include kitchen appliances, food packaging, jars, bottles, and other kitchen-related objects, but none appear to be a cell phone. FINAL ANSWER: NO",NO,no,True,True,False,False
Is there a couch in the image?,yes,"REASONING: The image shows a black sectional seating arrangement with cushions and pillows, which matches the typical characteristics of a couch. The cushions and its design further confirm it is not individual chairs or other furniture types.

FINAL ANSWER: YES",YES,B,True,False,False,False
Is there a chair in the image?,no,"REASONING: There are visible seats on which people are sitting and lying down, which are typical chairs or bench-like chairs in the baggage claim area. These seating options confirm the presence of chairs. FINAL ANSWER: YES",YES,B,False,False,True,False
Is there a traffic light in the image?,yes,"REASONING: There is a small object in the background near the upper left quadrant of the image that resembles a traffic light structure with multiple lights stacked vertically.
FINAL ANSWER: YES",YES,B,True,False,False,False
Is there a traffic light in the image?,yes,"REASONING: The image clearly shows multiple traffic lights mounted on poles at the intersection, including red lights that are visible and active. These lights are characteristic and confirm the presence of traffic lights in the image.

FINAL ANSWER: YES",YES,A,True,False,False,False
Is there a spoon in the image?,yes,"REASONING: There are no spoons visible on the counter or in the utensil holder on the left side of the image.  
REASONING: The image shows forks and knives but no spoons can be seen near the serving area or in the containers.  
REASONING: The person is using tongs and a squeeze bottle, not a spoon, to prepare the food.  
FINAL ANSWER: NO",NO,no,False,False,False,True
Is there a tv in the image?,no,"REASONING: There is no visible TV in the image, as the walls and furniture do not have a television set or screen present. The image shows sofas, a coffee table, windows, and wooden flooring without any TV. There are also no stands or mounts that suggest a TV is there but not visible. FINAL ANSWER: NO",NO,B,True,False,False,False
Is there a snowboard in the image?,yes,"REASONING: The person in the foreground is seated on a wide board that is attached to their boots, which is characteristic of a snowboard rather than skis. REASONING: The person behind them is also positioned near a similar wide board lying flat on the snow, confirming the presence of snowboards. REASONING: Although there are skiers in the background using ski poles, the question specifically asks about snowboards, and there are clearly snowboards visible in the image. FINAL ANSWER: YES",YES,yes,True,True,False,False
Is there a handbag in the image?,yes,"REASONING: The woman in the image is carrying a light blue item over her shoulder that appears to be a bag-like item; it is large and has a strap, consistent with a handbag. REASONING: It is not a purse or small clutch, but the overall size and shape, along with the strap, fit the characteristics of a handbag. FINAL ANSWER: YES",YES,yes,True,True,False,False
Is there a book in the image?,yes,"REASONING: The image shows a cozy indoor scene with three cats lying on a bed. Behind them, there is a shelf visible with multiple items on it. Some of these items on the shelf appear to be books based on their vertical orientation and rectangular shape typically associated with books. This indicates the presence of books in the image.
FINAL ANSWER: YES",YES,no,True,False,False,False
Is there a dining table in the image?,no,"REASONING: There is no visible dining table in the image; the scene depicts people walking and a person riding a bicycle on a street or market area. The background consists of tents or stalls and no furniture resembling a dining table can be seen.

FINAL ANSWER: NO",NO,no,True,True,False,False
Is there a potted plant in the image?,no,"REASONING: There is a glass container in the foreground, but no visible plants inside or around it that suggest it is a pot for plants. The background shows a cat on a couch with no visible potted plants around. There is no other object in the image that resembles or functions as a potted plant. FINAL ANSWER: NO",NO,no,True,True,False,False
Is there a person in the image?,yes,"REASONING: There is a man sitting at a table using a laptop, clearly indicating the presence of a person in the image.  
FINAL ANSWER: YES",YES,A,True,False,False,False
Is there a dining table in the image?,yes,"REASONING: The image shows a table with a flat surface and chairs around it, which is typically used for dining. The setting suggests a dining or eating area with a teapot placed on the table, reinforcing the idea that it is a dining table. There is no indication that the table is meant for a different purpose, such as a desk or workbench. 

FINAL ANSWER: YES",YES,no,True,False,False,False
Is there a dining table in the image?,no,"REASONING: The image shows an airport tarmac with a small private jet and a fuel truck; there is no visible dining table or any furniture resembling a dining table. The foreground and background show open space, vehicles, and buildings, but no dining table. FINAL ANSWER: NO",NO,no,True,True,False,False
Is there a book in the image?,yes,"REASONING: There are multiple books visible on the bookshelf in the background, clearly showing book spines and covers. This confirms the presence of books in the image.
FINAL ANSWER: YES",YES,yes,True,True,False,False
Is there a laptop in the image?,yes,"REASONING: The image shows a close-up of a mechanical keyboard with hands typing on it, and a device labeled ""INTREX"" in the background which is likely a part of an older computer setup, but there is no visible laptop computer, as laptops are portable with integrated screen and keyboard.
FINAL ANSWER: NO",NO,no,False,False,False,True
Is there a chair in the image?,no,"REASONING: There is no visible chair in the image; the image mainly shows a hamburger with grilled onions, a bucket of fries, a small container of sauce, and some glasses of water on a table. There are no chair backs, legs, or seats visible in the frame.

FINAL ANSWER: NO",NO,N,True,False,False,False
Is there a backpack in the image?,yes,"REASONING: The person in the foreground on the right side appears to be wearing a backpack, as there is a visible object strapped to their back that resembles a backpack. Other individuals in the image do not have visible backpacks. The item has the shape and position typical of a backpack worn during skiing or snowboarding.
FINAL ANSWER: YES",YES,A,True,False,False,False
Is there a dining table in the image?,no,"REASONING: There is a kitchen counter visible with kitchen appliances and various items on it, which typically is used for food preparation rather than dining. REASONING: There is no separate dining table in the image; the setup appears to be a kitchen workspace with cabinets and appliances, but no table designed specifically for dining. FINAL ANSWER: NO",NO,A,True,False,False,False
Is there a truck in the image?,yes,"REASONING: There is a visible red vehicle on the road, which appears large and boxy, resembling the shape and size of a truck rather than a smaller vehicle like a car or van. This indicates the presence of a truck in the image. FINAL ANSWER: YES",YES,yes,True,True,False,False
Is there a person in the image?,yes,"REASONING: There are multiple people clearly visible sitting on benches and standing near the entrance of the building, indicating the presence of persons in the image. FINAL ANSWER: YES",YES,yes,True,True,False,False
Is there a bowl in the image?,yes,"REASONING: There is a round container with food on the table that resembles a bowl, located closer to the center of the image. This container is different from plates and glasses, indicating that a bowl is present.  
FINAL ANSWER: YES",YES,no,True,False,False,False
Is there a car in the image?,yes,"REASONING: The image prominently features a large steam locomotive, which is not a car. However, in the background to the left, there is a visible object with wheels and the shape consistent with a car. This background vehicle confirms that a car is present in the image.  
FINAL ANSWER: YES",YES,no,True,False,False,False
Is there a handbag in the image?,no,"REASONING: There is a bag visible on the bench next to the woman sitting with two other people, which appears to be a handbag. The shape and size of the bag suggest it is designed for carrying personal items, consistent with a handbag. No other object resembling a handbag is evident in the image. Therefore, a handbag is present.

FINAL ANSWER: YES",YES,yes,False,False,True,False
Is there a chair in the image?,yes,"REASONING: There is a child sitting in an object that has armrests and supports the child, which indicates the presence of a high chair or a chair. No other chair is explicitly visible, but the visible seating arrangement confirms a chair is present.
FINAL ANSWER: YES",YES,yes,True,True,False,False
Is there a person in the image?,yes,"REASONING: There are multiple people visible sitting on bleachers in the background.  
REASONING: There is also a person riding a horse in the foreground.  
FINAL ANSWER: YES",YES,yes,True,True,False,False
Is there a fire hydrant in the image?,no,"REASONING: The image shows a street intersection with stoplights, a stop sign, power lines, and buildings in the background, but no fire hydrant is visible on the sidewalks or near the street corners. There are no objects matching the typical shape or color of a fire hydrant in the image.  
FINAL ANSWER: NO",NO,A,True,False,False,False
Is there a tv in the image?,yes,"REASONING: There appear to be multiple screens above the airline check-in counters, but these are likely computer monitors or digital display boards used for flight information rather than traditional televisions. These screens are quite small and flat, consistent with informational displays commonly found in airports, not typical TVs. There are no large or standalone TVs visible in the image.

FINAL ANSWER: NO",NO,no,False,False,False,True
Is there a handbag in the image?,yes,"REASONING: The woman is holding a bag with a zebra pattern and brown leather handles, which is typically classified as a handbag. There are no other similar objects that might confuse the identification. The item fits the typical shape and design of a handbag, confirming its presence in the image. FINAL ANSWER: YES",YES,yes,True,True,False,False
Is there a tv in the image?,yes,"REASONING: The image shows a computer monitor, specifically an iMac, on a desk rather than a traditional TV. The device on the desk is a computer with a keyboard, not a television. The shape, size, and interface visible on the screen indicate a computer monitor and not a TV. There is no other object that resembles a TV in the image.

FINAL ANSWER: NO",NO,B,False,False,False,True
Is there a couch in the image?,yes,"REASONING: The image shows a piece of old furniture along the curb that appears to be a worn couch or sofa with cushions and a base, indicating it is indeed a couch. The object to the left is an inflatable kiddie pool, and there is also a television set placed on the couch. Despite its worn appearance, the structure and features match those of a couch. FINAL ANSWER: YES",YES,yes,True,True,False,False
Is there a car in the image?,no,"REASONING: There are no vehicles visible in the snowy landscape, only skiers and snow-covered mountains. REASONING: The terrain appears to be a ski slope or a mountainous winter area where cars are unlikely to be present. REASONING: No part of any car is visible in the image, either in the foreground or in the background. FINAL ANSWER: NO",NO,B,True,False,False,False
Is there a keyboard in the image?,yes,"REASONING: The image clearly shows a set of keys with letters and symbols arranged in the typical layout of a computer or typewriter keyboard. REASONING: The keys include common keyboard buttons such as ""Shift,"" ""Ctrl,"" and ""Alt,"" which are standard on computer keyboards. REASONING: The presence of a cat close to the keys does not obstruct the identification of the keyboard. FINAL ANSWER: YES",YES,B,True,False,False,False
Is there a boat in the image?,no,"REASONING: There is no boat or any part of a boat visible in the image, only a hot dog in a paper tray. The object appears to be food on a surface, with no water or boat structures present.
FINAL ANSWER: NO",NO,no,True,True,False,False
Is there a cup in the image?,no,REASONING: There is no cup visible in the image; the object is a toilet bowl with a cat drinking water. No cup or cup-like object is seen anywhere in the picture. FINAL ANSWER: NO,NO,no,True,True,False,False
Is there a truck in the image?,yes,"REASONING: The vehicle in the image is a flatbed work truck carrying construction materials and signs, identifiable by its open cargo area and design typical of small trucks. There is no other large vehicle present, and this one meets the definition of a truck. FINAL ANSWER: YES",YES,no,True,False,False,False
Is there a bottle in the image?,yes,"REASONING: There is a green glass bottle clearly visible in front of the black cat; the shape, label, and neck confirm it is a bottle. FINAL ANSWER: YES",YES,yes,True,True,False,False
Is there a dining table in the image?,yes,"REASONING: The image shows a man placing a pizza into an oven in a kitchen setting. There is a table in the background with chairs around it, resembling a dining table. It appears to be a wooden table with chairs that have curved backs. This is consistent with a typical dining table setup. FINAL ANSWER: YES",YES,yes,True,True,False,False
Is there a vase in the image?,no,"REASONING: There is no visible vase on the countertop, shelf, or anywhere else in the bathroom. The countertop displays toiletries and a tissue box, but no vase. The shelf below the sink has towels and slippers, not a vase. The area near the toilet and walls also does not show any vase.
FINAL ANSWER: NO",NO,A,True,False,False,False
Is there a scissors in the image?,yes,"REASONING: There is no visible object in the image that resembles scissors; the items visible include kitchen utensils such as a ladle, bowls, and pots, but no scissors. 
FINAL ANSWER: NO",NO,no,False,False,False,True
Is there a chair in the image?,no,"REASONING: There is no visible chair in the image; the background mainly shows a wooden surface and a person's arm but no chair structure can be identified.  
FINAL ANSWER: NO",NO,A,True,False,False,False
Is there a parking meter in the image?,no,REASONING: There is no visible parking meter in the image; the background is plain black and the woman is holding a phone with a light on. FINAL ANSWER: NO,NO,no,True,True,False,False
Is there a wine glass in the image?,no,"REASONING: There is a countertop with a sink and some toiletries on it, but no wine glass is visible among these items. REASONING: The objects on the lower shelf are towels and slippers, which do not resemble a wine glass. REASONING: The trash can and toilet area do not show any sign of a wine glass. REASONING: The mirror and wall decoration do not include or reflect any wine glass. FINAL ANSWER: NO",NO,no,True,True,False,False
Is there a dining table in the image?,no,"REASONING: There is no clear view of a dining table in the image; the man is seated near a laptop and holding a glass, but the surface is not visibly a dining table. The visible part looks like a desk or work surface rather than a table set for dining. There are no other objects or features indicating the presence of a dining table such as multiple chairs, place settings, or dining-related items.

FINAL ANSWER: NO",NO,B,True,False,False,False
Is there a dining table in the image?,yes,"REASONING: The object in the image is a vase with flowers placed on a wooden surface. The wooden surface appears narrow and resembles a shelf or a narrow table rather than a typical dining table, which is usually broader and designed to seat people for meals. There are no visible chairs, dining settings, or other indicators of a dining area. The image lacks elements that would commonly accompany a dining table such as plates or cutlery.

FINAL ANSWER: NO",NO,no,False,False,False,True
Is there a person in the image?,yes,"REASONING: The image clearly shows five individuals sitting in a green rowboat on a body of water with a background of dense trees. These individuals are identifiable as people based on their heads, clothing, and posture.
FINAL ANSWER: YES",YES,yes,True,True,False,False
Is there a stop sign in the image?,no,"REASONING: There is no stop sign visible anywhere in the image; the visible sign is a white and red pedestrian crossing sign along the path—different from a stop sign.  
FINAL ANSWER: NO",NO,no,True,True,False,False
Is there a couch in the image?,yes,"REASONING: The image shows a living room with a seating arrangement. There is a large seating piece with cushions visible on the right side of the image, which fits the description of a couch. There is also a smaller chair near the window, but it is distinct from the larger couch-like seating. No other large seating furniture that resembles a couch is present in the image. Given the size and style, the white seating seen is indeed a couch.

FINAL ANSWER: YES",YES,yes,True,True,False,False
Is there a microwave in the image?,no,"REASONING: There is no visible kitchen appliance or device resembling a microwave in the image; the scene depicts a tennis player on a court with sports equipment and chairs in the background, which are unrelated to microwaves.  
FINAL ANSWER: NO",NO,A,True,False,False,False
Is there a backpack in the image?,no,"REASONING: The image shows a WestJet airplane at an airport gate during nighttime, with no visible backpacks in or around the plane. There are no passengers or luggage visible in the image. The focus is entirely on the airplane and the gate, without any backpacks present.  
FINAL ANSWER: NO",NO,no,True,True,False,False
Is there a person in the image?,yes,"REASONING: The image clearly shows a person wearing a baseball uniform, helmet, and holding a bat, indicating that the object ""person"" is present.  
FINAL ANSWER: YES",YES,yes,True,True,False,False
Is there a person in the image?,no,"REASONING: There are two cats visible in the image, sitting on the toilet and the toilet tank, but no humans or human-like figures are present.  
FINAL ANSWER: NO",NO,no,True,True,False,False
Is there a truck in the image?,yes,"REASONING: There is a silver pickup truck visible in the middle background of the image, positioned on the road. The vehicle has an open cargo area typical of a truck. Other vehicles visible are cars, which are distinctly different from trucks.  
FINAL ANSWER: YES",YES,yes,True,True,False,False
Is there a chair in the image?,no,"REASONING: There are visible chair backs behind several individuals sitting at the table, indicating the presence of chairs in the image.  
FINAL ANSWER: YES",YES,A,False,False,True,False
Is there a tv in the image?,no,"REASONING: The image shows people standing on a paved surface with their legs and feet visible, along with a black dog on the right side; there are no visible screens, electronic devices, or TV sets anywhere in the scene, either in the foreground or background.

FINAL ANSWER: NO",NO,no,True,True,False,False
Is there a bear in the image?,no,"REASONING: There is an elephant visible in the image with people around it, which is not a bear. There are no other large animals or creatures resembling a bear in the image. There are several people, structures, and vegetation, but no bear can be identified anywhere in the scene. The animal present is an elephant, which is distinctly different from a bear in size, shape, and features.

FINAL ANSWER: NO",NO,no,True,True,False,False
Is there a couch in the image?,yes,"REASONING: There is no visible couch in the image; the people appear to be sitting on a bed or mattress with pillows and blankets rather than a cushioned sofa.
FINAL ANSWER: NO",NO,no,False,False,False,True
Is there a cup in the image?,no,"REASONING: There are many fruits visible, such as bananas, oranges, and others, but no object resembling a cup is present in the image. The image shows baskets and produce but no cup or cup-like container.

FINAL ANSWER: NO",NO,no,True,True,False,False
Is there a couch in the image?,no,"REASONING: The image shows a close-up of a cat lying next to a computer keyboard on what appears to be a blue surface. There is no visible couch or anything that resembles a couch in the image background or surroundings. The blue surface might be a fabric or a mat, but it does not look like a couch. Therefore, there is no couch present in the image.

FINAL ANSWER: NO",NO,A,True,False,False,False
Is there an oven in the image?,yes,"REASONING: The image shows a compact, metallic kitchen area with multiple appliances; the lower sections of the cabinets on the right side appear to have oven doors and controls consistent with an oven's appearance. REASONING: The presence of knobs and handles on the metal units on the right side corresponds to common oven features, supporting the idea of an oven being in the image. REASONING: Although the image is somewhat tight and industrial, the equipment matches the typical design of an oven in a kitchen setting, and no other object matches the oven's characteristics as closely. FINAL ANSWER: YES",YES,A,True,False,False,False
Is there a dog in the image?,yes,"REASONING: There is a black animal on a leash held by the person on the right side of the image; the animal has four legs, a tail, and the general shape of a dog.  
FINAL ANSWER: YES",YES,B,True,False,False,False
Is there a car in the image?,no,"REASONING: There is no car visible in the image; the scene shows a tennis player on a tennis court. REASONING: The background includes tennis equipment and a person sitting on the side, which are unrelated to cars. REASONING: No vehicle or part of a vehicle resembling a car can be seen anywhere in the image. FINAL ANSWER: NO",NO,no,True,True,False,False
Is there a dining table in the image?,no,"REASONING: There is no dining table visible in the image; the image shows a baseball field with players, bases, and the pitcher's mound, but no furniture such as a dining table. FINAL ANSWER: NO",NO,no,True,True,False,False
Is there a sports ball in the image?,yes,"REASONING: There is no visible sports ball in the image; the scene depicts a street with buses, trees, and buildings, but no round objects resembling sports balls are present.
FINAL ANSWER: NO",NO,no,False,False,False,True
Is there a car in the image?,no,"REASONING: The image shows a bathroom with a bathtub, sink, plant, and tiled walls and floor, but no vehicles or any car-like objects are visible. There are no indications of any part of a car in the image. The environment and context are clearly indoors and suited for bathroom use, which is not a typical place for a car. FINAL ANSWER: NO",NO,no,True,True,False,False
Is there a backpack in the image?,yes,"REASONING: The person in the foreground is wearing a backpack, as evidenced by the straps visible over their shoulders and the shape of the backpack on their back. There are no other backpacks clearly visible elsewhere in the image, but the presence of one is confirmed. FINAL ANSWER: YES",YES,yes,True,True,False,False
Is there a bottle in the image?,yes,"REASONING: There is a clear presence of two bottle-like objects on the sink countertop near the faucet, which are likely soap dispensers or similar containers. These match the typical shape and appearance of bottles.

FINAL ANSWER: YES",YES,yes,True,True,False,False
Is there a couch in the image?,yes,"REASONING: The image shows a large orange furniture piece with cushions and a backrest, which fits the description of a couch; no other similar large seating furniture is visible; the size and style confirm it is a couch; hence, a couch is present in the image.  
FINAL ANSWER: YES",YES,A,True,False,False,False
Is there a bench in the image?,yes,"REASONING: The image shows three people sitting on a piece of furniture that appears to be a wooden bench in front of a storefront. The wood slats and the armrest design are typical features of a bench. There are no other similar objects in the image. Therefore, the object ""bench"" is present.  
FINAL ANSWER: YES",YES,yes,True,True,False,False
Is there a bowl in the image?,no,"REASONING: There is no visible bowl in the image; the primary objects are a dog wearing a helmet and a motorcycle in the background, with no bowl present in the scene.  
FINAL ANSWER: NO",NO,B,True,False,False,False
Is there a chair in the image?,no,"REASONING: The image shows a close-up of food on a plate with a table in the background but does not show any chairs or parts of chairs visible in the scene.
FINAL ANSWER: NO",NO,no,True,True,False,False
Is there a person in the image?,yes,"REASONING: There are multiple people visible in the background of the image standing and walking on the beach, indicating the presence of humans. These figures are clearly identifiable as people. The presence of a cow in the foreground does not obscure the fact that there are people present. FINAL ANSWER: YES",YES,yes,True,True,False,False
Is there a handbag in the image?,yes,"REASONING: There is a woman in the foreground wearing a white top and beige skirt carrying a black handbag on her shoulder. No other easily identifiable handbags are visible in the image, but this confirms the presence of at least one handbag. FINAL ANSWER: YES",YES,yes,True,True,False,False
Is there a potted plant in the image?,yes,"REASONING: There is a green plant with long leaves clearly visible in a white pot placed on the windowsill to the right side of the image, confirming the presence of a potted plant. FINAL ANSWER: YES",YES,yes,True,True,False,False
Is there a truck in the image?,yes,"REASONING: There is a large vehicle on the right side of the image that appears to be a truck, identifiable by its size and shape, including a cargo container section. 
FINAL ANSWER: YES",YES,no,True,False,False,False
Is there a chair in the image?,yes,"REASONING: There is no chair visible in the image; the child is standing on a small white step stool, not a chair. The furniture in the background is a cabinet, not a chair. There are no objects with a seat, backrest, and legs typical of a chair in the image. FINAL ANSWER: NO",NO,yes,False,True,False,True
Is there a refrigerator in the image?,no,"REASONING: There is no refrigerator visible in the image; the image shows a green rowboat on water with people seated inside it and trees in the background. No appliance or structure resembling a refrigerator is present in the scene.
FINAL ANSWER: NO",NO,A,True,False,False,False
Is there an airplane in the image?,no,"REASONING: The image shows a bedroom with a bed, chairs, a mirror, boxes, and other household items, but there is no visible airplane either inside or outside through the windows. There are no objects resembling an airplane in any part of the image. FINAL ANSWER: NO",NO,no,True,True,False,False
Is there a sink in the image?,yes,"REASONING: The image depicts a kitchen with a countertop that includes a visible faucet and what appears to be two basins under the window, which indicates the presence of a sink. FINAL ANSWER: YES",YES,yes,True,True,False,False
Is there a car in the image?,yes,"REASONING: The image shows a street scene with palm trees and buildings, but the street appears empty of vehicles including cars. No car shapes or outlines are visible on the road or sidewalk areas.  
FINAL ANSWER: NO",NO,no,False,False,False,True
Is there a baseball glove in the image?,no,"REASONING: There is no visible baseball glove on any of the individuals in the image, as their hands appear bare or holding other objects such as a racket. The objects held or worn do not resemble a baseball glove, and no baseball gloves are seen on the ground or nearby. The image depicts an outdoor scene with people interacting, but no baseball equipment is visible.
FINAL ANSWER: NO",NO,no,True,True,False,False
Is there a parking meter in the image?,no,"REASONING: There is no visible parking meter in the image. The image shows a grassy area with two people and a dog playing with a frisbee, and no parking meter structure or device can be seen anywhere in the scene. FINAL ANSWER: NO",NO,no,True,True,False,False
Is there a bottle in the image?,yes,"REASONING: There are no visible bottles in the image; the image shows cupcakes on stands and a cafe setting with no bottles seen on the counters or shelves.  
FINAL ANSWER: NO",NO,no,False,False,False,True
Is there a frisbee in the image?,no,"REASONING: There is no object visible in the image that resembles a frisbee, which is typically a flat, round, and brightly colored flying disc. The image shows a plate with food, including vegetables and a meat pie or pastry, but no frisbee or anything similar in shape or use. The background shows part of a laptop and a table, neither of which is a frisbee or includes one. FINAL ANSWER: NO",NO,no,True,True,False,False
Is there a dining table in the image?,no,"REASONING: There is no dining table visible in the image; only a large tree stump, a bicycle, and a person throwing a frisbee are present. The area appears to be an outdoor park or garden with grass and a hedge, but no dining furniture is seen. The tree stump is not a dining table, and no other table-like object is visible that could be identified as a dining table. FINAL ANSWER: NO",NO,A,True,False,False,False
Is there a traffic light in the image?,no,"REASONING: There is no visible traffic light in the image; the scene shows a person playing on a court with no traffic lights in the vicinity. The background includes a fence, apartment buildings, and trees, but no traffic control signals or poles with lights. 

FINAL ANSWER: NO",NO,no,True,True,False,False
Is there a backpack in the image?,yes,"REASONING: There is no object resembling a backpack in the image. The visible items include large painted helmets, a wooden structure, two people sitting, and a vehicle, but none of these are backpacks or appear to be one. FINAL ANSWER: NO",NO,no,False,False,False,True
Is there a dining table in the image?,yes,"REASONING: The image shows two rectangular dishes with food items—one containing broccoli florets and the other containing red lentils—placed on a wooden surface, but there is no visible dining table. The wooden surface might be a countertop or another flat surface, but it is not clearly identifiable as a dining table.

FINAL ANSWER: NO",NO,no,False,False,False,True
Is there a person in the image?,yes,"REASONING: There are two elephants clearly visible in the image with no apparent humans present. The background shows trees and some fencing, but no people can be seen. The size and shape of the figures are consistent with elephants only, not humans. There are no visible human features or shadows indicating a person's presence.

FINAL ANSWER: NO",NO,no,False,False,False,True
Is there a skis in the image?,no,"REASONING: There are no visible skis in the image; the image primarily shows a reflection in a car side mirror, including a person holding a phone and some outdoor scenery.
FINAL ANSWER: NO",NO,no,True,True,False,False
Is there a potted plant in the image?,yes,"REASONING: There is a green plant visible on the far left side of the image, and it appears to be in a container that could be a pot, indicating it is a potted plant. FINAL ANSWER: YES",YES,yes,True,True,False,False
Is there a person in the image?,yes,"REASONING: The image clearly shows a person standing in a kitchen, holding a pizza and placing it into an oven. The person’s face, arms, and torso are visible, confirming the presence of a human figure in the image. FINAL ANSWER: YES",YES,yes,True,True,False,False
Is there a cup in the image?,no,"REASONING: There is a glass with a drink visible in the image, but no cup with a handle or typical shape of a cup is present on the table.

FINAL ANSWER: NO",NO,no,True,True,False,False
Is there a dining table in the image?,no,"REASONING: There is no visible dining table in the image; the image shows a railway platform at night with lighting poles, clocks, and signs, but no furniture typically associated with dining such as tables or chairs.
FINAL ANSWER: NO",NO,no,True,True,False,False
Is there a person in the image?,yes,"REASONING: The image clearly shows two people playing a game of frisbee outdoors; both individuals are visible and engaged in the activity.  
FINAL ANSWER: YES",YES,yes,True,True,False,False
Is there a car in the image?,no,"REASONING: There are no visible cars in the image; the scene shows two people standing on grass with a dog jumping to catch a frisbee, and no vehicle is present in the entire background or foreground. No parts of a car, such as wheels, body, or windows, are visible anywhere in the image.

FINAL ANSWER: NO",NO,B,True,False,False,False
Is there a person in the image?,yes,"REASONING: There is a visible arm and part of a torso wearing a black shirt behind the pizza, indicating the presence of a person.  
FINAL ANSWER: YES",YES,yes,True,True,False,False
Is there a car in the image?,no,"REASONING: There is no visible car in the image; the image only shows a person standing against a plain wall. No parts or any indication of a car appear in the foreground or background.  
FINAL ANSWER: NO",NO,no,True,True,False,False
Is there a bicycle in the image?,yes,"REASONING: The image shows two bicycles; one bicycle is partially visible to the left near the group of people, and another bicycle is visible in the foreground with a basket attached to it.

FINAL ANSWER: YES",YES,yes,True,True,False,False
Is there a cup in the image?,no,"REASONING: The image shows several children sitting around a table with plates of pizza and multiple colorful cups placed near each plate, clearly visible on the table. Therefore, cups are definitely present in the image.  
FINAL ANSWER: YES",YES,A,False,False,True,False
Is there a scissors in the image?,no,"REASONING: There is no visible scissors in the image; the image shows a burger with grilled onions, a metal bucket of fries, a small container of sauce, and two glasses of water. No object resembling scissors can be seen in the foreground or background. FINAL ANSWER: NO",NO,no,True,True,False,False
Is there a tv in the image?,yes,"REASONING: The object in question, a TV, can be identified in the background of the image as a rectangular screen displaying a man sitting on a couch with the ""Lifetime"" channel logo visible. This confirms the presence of a television. Although partially blocked by the cat in the foreground, the screen and frame of the TV are clearly distinguishable. There is no other object that looks like a TV in the image, so this is indeed a television. FINAL ANSWER: YES",YES,A,True,False,False,False
Is there a dining table in the image?,no,"REASONING: There is no dining table visible in the image; only a cup of frozen yogurt with toppings and a spoon is shown on a tiled surface. The surface appears to be a floor or countertop, not a dining table. FINAL ANSWER: NO",NO,no,True,True,False,False
Is there a spoon in the image?,yes,"REASONING: The image shows a plate with a slice of cake topped with whipped cream and fruit; near the plate's edge, there is a visible utensil with a rounded metallic shape and handle, which matches the appearance of a spoon. This confirms the presence of a spoon in the image. FINAL ANSWER: YES",YES,yes,True,True,False,False
Is there a book in the image?,yes,"REASONING: There is no visible book in the image; the visible objects are a teddy bear with sunglasses and a cardboard box behind it. The box is labeled ""Cuisinart"" but is not a book.
FINAL ANSWER: NO",NO,A: N,False,False,False,True
Is there a bicycle in the image?,no,"REASONING: The image shows a person skiing down a snowy slope with ski poles and skis, not riding or near a bicycle. There are no visible parts of a bicycle such as wheels, frame, or handlebars anywhere in the scene. The environment is mountainous and snowy, suitable for skiing but not for bicycle riding. Therefore, no bicycle is present in the image.  
FINAL ANSWER: NO",NO,no,True,True,False,False
Is there a train in the image?,yes,"REASONING: The image shows a long vehicle on railway tracks with multiple connected carriages, typical features of a train.
FINAL ANSWER: YES",YES,yes,True,True,False,False
Is there a handbag in the image?,no,"REASONING: There is no visible handbag on or around the person sitting, nor on any of the chairs or tables in the image. The objects visible are a laptop, chairs, and tables, but no handbag is identifiable.
FINAL ANSWER: NO",NO,no,True,True,False,False
Is there a skateboard in the image?,no,"REASONING: The image shows a man working in a kitchen with cooking equipment such as a blender, a pot, and utensils; there is no visible skateboard or any object resembling a skateboard in the image.  
FINAL ANSWER: NO",NO,A,True,False,False,False
Is there a cake in the image?,yes,"REASONING: The image shows a man and a woman, likely at a wedding, standing next to a table with a clearly visible, multi-tiered decorated white and red cake. This matches a typical wedding cake with figurines on top. The cake is prominently placed and clearly identifiable. FINAL ANSWER: YES",YES,yes,True,True,False,False
Is there a person in the image?,yes,"REASONING: There are multiple visible figures near the bus that appear to be human in shape, size, and posture, indicating the presence of people.  
FINAL ANSWER: YES",YES,yes,True,True,False,False
Is there a person in the image?,yes,"REASONING: There are multiple visible individuals in the image wearing skiing gear and skis, clearly indicating the presence of people. FINAL ANSWER: YES",YES,A,True,False,False,False
Is there a car in the image?,no,"REASONING: There is no actual car physically present in the image; the image shows three people indoors with a television screen in the background displaying an image of a car. The presence of a car in the displayed image on the screen does not count as having a car in the overall image. Therefore, the object ""car"" is not physically present in the scene. FINAL ANSWER: NO",NO,no,True,True,False,False
Is there a car in the image?,no,"REASONING: There is no object resembling a car in the image; the image shows a bedroom with beds, toys, and furniture.  
FINAL ANSWER: NO",NO,no,True,True,False,False
Is there a dog in the image?,yes,"REASONING: There is a clearly visible dog standing next to the person holding an umbrella, on the right side of the image. It looks like a German Shepherd or a similar breed. This confirms the presence of a dog in the image.

FINAL ANSWER: YES",YES,yes,True,True,False,False
Is there a dining table in the image?,yes,"REASONING: The image shows a rustic wooden surface with a copper vase holding colorful flowers placed on it, but the surface looks more like a bench or a console table rather than a dining table. There are no signs of dining-related items such as plates, chairs arranged around the table, or sufficient space typically associated with a dining table. The arrangement and context suggest it is not a dining table. FINAL ANSWER: NO",NO,no,False,False,False,True
Is there a cup in the image?,no,"REASONING: The image shows a sandwich with skewers and an American flag toothpick on a plate, and a small white bowl next to the sandwich. However, there is no cup or cup-like object visible anywhere in the image. The white bowl is not the same as a cup. FINAL ANSWER: NO",NO,no,True,True,False,False
Is there an orange in the image?,yes,"REASONING: There are numerous round, orange-colored fruits visible on the stand that match the appearance of oranges. The signs specifically advertise ""ORANGE JUICE"" which implies the presence of oranges. The fruits are displayed prominently in the image on the stand and hanging around it, confirming their presence.

FINAL ANSWER: YES",YES,yes,True,True,False,False
Is there a backpack in the image?,yes,"REASONING: The image shows a baggage claim area with various suitcases on the conveyor belt, but none of the visible bags have the typical features of a backpack (such as shoulder straps or a smaller, flexible shape). The bags appear to be mostly hard-shell or rolling suitcases. Therefore, no backpack is identifiable in the image.  
FINAL ANSWER: NO",NO,B,False,False,False,True
Is there a sink in the image?,yes,"REASONING: There is a visible sink basin installed on the counter under the mirror with a faucet, confirming the presence of a sink.  
FINAL ANSWER: YES",YES,yes,True,True,False,False
Is there a chair in the image?,no,"REASONING: There is no chair visible in the image; the main objects are bicycles, a man riding a vintage style bicycle, a tree, a white van in the background, and a person in a red dress, none of which include a chair. FINAL ANSWER: NO",NO,no,True,True,False,False
Is there a vase in the image?,yes,"REASONING: The object in the foreground has the clear shape and form of a vase, with a narrow neck and wider body, and it is made of transparent material that reflects light.
FINAL ANSWER: YES",YES,A,True,False,False,False
Is there a tennis racket in the image?,no,"REASONING: There is no tennis racket visible in the image; the man in the foreground is holding what appears to be a camera and an instrument case, which is not a tennis racket. The other people in the background are not holding or carrying anything that resembles a tennis racket either. The setting is outdoors with trees and an elephant, which is unrelated to tennis equipment. FINAL ANSWER: NO",NO,no,True,True,False,False
Is there a dining table in the image?,yes,"REASONING: The cake is placed on a flat black surface that appears to be a table, but it is not clearly set with items typical of a dining table such as plates, cutlery, or food for multiple people. The setting looks more like a special event setup rather than a dining area. Therefore, it is not definitively a dining table. FINAL ANSWER: NO",NO,yes,False,True,False,True
Is there a dining table in the image?,no,"REASONING: There is a counter or shelf with various bottles, containers, and bananas on it, but it does not resemble a typical dining table used for sitting and eating. The image shows a kitchen or food preparation area rather than a dining setting with a table and chairs. Therefore, there's no clear presence of a dining table in the image.  
FINAL ANSWER: NO",NO,A,True,False,False,False
Is there a couch in the image?,yes,"REASONING: The image shows a room with a chair that has ornate armrests and is cushioned, which is often referred to as an armchair or a single seat, not a couch. There is no visible long seating structure that accommodates multiple people, which defines a couch. The object lying on the floor to the left appears to be a mattress or cushion, not a couch. Therefore, there is no couch present in the image. FINAL ANSWER: NO",NO,A,False,False,False,True
Is there a potted plant in the image?,yes,"REASONING: There is a vase with flowers on the dining table, but no visible container typical of a potted plant. There are no other objects resembling potted plants in the room or near the window. The outdoor area visible through the glass door shows some plants, but they are not in pots within the room. Therefore, no potted plant is present indoors. FINAL ANSWER: NO",NO,no,False,False,False,True
Is there a car in the image?,yes,"REASONING: There are clearly visible vehicles in the background of the image, including a white car in the middle behind the players, confirming the presence of a car. FINAL ANSWER: YES",YES,yes,True,True,False,False
Is there a person in the image?,yes,"REASONING: There is a hand visible holding a Wii remote, which indicates the presence of a person.  
FINAL ANSWER: YES",YES,no,True,False,False,False
Is there a person in the image?,yes,"REASONING: The image shows a person riding a bicycle in the foreground, indicating the presence of a person.  
FINAL ANSWER: YES",YES,A,True,False,False,False
Is there a train in the image?,yes,"REASONING: The image clearly shows a blue and yellow vehicle on rails, which is characteristic of a train. The vehicle has the label ""Intercity,"" a common term for trains operating between cities. There are multiple tracks visible, supporting the presence of a rail system. The shape, tracks, and context confirm that the object is a train.

FINAL ANSWER: YES",YES,yes,True,True,False,False
Is there a chair in the image?,no,"REASONING: There is no chair visible in the image; the image shows a hand holding a Wii remote in front of a TV screen displaying a game, with a cabinet below the TV. Although part of the furniture is visible, there is no chair present.
FINAL ANSWER: NO",NO,no,True,True,False,False
Is there a person in the image?,yes,"REASONING: The image clearly shows two people standing outside on a wet pavement, one holding an umbrella and the other child standing in front. Both individuals are distinctly visible. FINAL ANSWER: YES",YES,yes,True,True,False,False
Is there a person in the image?,yes,"REASONING: There are multiple people visible in the image, including a batter, a catcher, and an umpire, as well as spectators in the background. This confirms the presence of persons in the image. FINAL ANSWER: YES",YES,yes,True,True,False,False
Is there a handbag in the image?,yes,"REASONING: There is a black handbag visibly placed on the table in front of the person sitting behind the one eating pizza, clearly identifiable by its shape and size.
FINAL ANSWER: YES",YES,yes,True,True,False,False
Is there a person in the image?,yes,"REASONING: There is a human figure clearly visible skiing down the snowy slope, dressed in winter gear with ski poles, confirming the presence of a person in the image. FINAL ANSWER: YES",YES,A,True,False,False,False
Is there a dining table in the image?,no,"REASONING: There is no visible table in the image; the child is sitting on a rectangular block or box, which does not resemble a dining table. The surrounding area shows a floor and walls with no other furniture that looks like a dining table. No objects typically found on a dining table are present as well.
FINAL ANSWER: NO",NO,A,True,False,False,False
Is there a teddy bear in the image?,yes,"REASONING: The image clearly shows multiple plush teddy bears wearing small crowns, indicating that teddy bears are present in the image. FINAL ANSWER: YES",YES,A,True,False,False,False
Is there a dining table in the image?,yes,"REASONING: The image shows a group of people around a white table with various items on it, including a cake, bottles, and cups. The table is round and at a height suitable for dining or eating activities. Despite the setting looking informal, the table fulfills the function and appearance of a dining table.

FINAL ANSWER: YES",YES,B,True,False,False,False
Is there a dining table in the image?,no,"REASONING: The image shows a bus station with buses parked, and there are no visible tables, especially dining tables, in the foreground or background. REASONING: There are no objects in the image that resemble a dining table, which typically would have chairs and a flat surface designed for eating meals. REASONING: The scene is outdoors in a parking or bus station area, which is an unlikely setting for a dining table to be present. FINAL ANSWER: NO",NO,no,True,True,False,False
Is there a bowl in the image?,yes,"REASONING: There are multiple plates and trays visible with food items but no bowl can be identified as a distinct object holding food in a rounded, open container form except one object on the right side which is a transparent bowl with some fruit in it, confirming a bowl is present in the image. FINAL ANSWER: YES",YES,yes,True,True,False,False
Is there a couch in the image?,yes,"REASONING: There is a large cream-colored cushioned seating furniture with a backrest and armrests in the image, which matches the typical characteristics of a couch. This confirms the presence of a couch in the room.

FINAL ANSWER: YES",YES,yes,True,True,False,False
Is there a bird in the image?,yes,"REASONING: There is no real bird present in the image, only printed patterns on the bedding that resemble birds. These patterns do not count as actual birds. The object that looks like a bird is part of the fabric design, not a living bird. FINAL ANSWER: NO",NO,yes,False,True,False,True
Is there a bicycle in the image?,yes,"REASONING: The image shows a person holding the handlebar of a bicycle, which is visible in the foreground, including handlebar tape, brake levers, and part of the bike frame and wheel. There is a road with sheep walking ahead. This confirms the presence of a bicycle clearly in the image. FINAL ANSWER: YES",YES,yes,True,True,False,False
Is there a car in the image?,no,"REASONING: The image shows a buffet-style food setup with sandwiches, bread rolls, bowls of food, and condiments on a counter, but there is no sight of any car anywhere in the scene. The setting appears indoors with no vehicles or any similar objects present that could be mistaken for a car. FINAL ANSWER: NO",NO,A,True,False,False,False
Is there a dining table in the image?,yes,"REASONING: The image shows a kitchen area with a refrigerator, cabinets, and a counter with a single chair, but no table is visible that is typically used for dining purposes. The presence of one chair at a counter does not constitute a dining table. There are no other visible objects resembling a dining table in the image. FINAL ANSWER: NO",NO,no,False,False,False,True
Is there a backpack in the image?,no,"REASONING: There are several people in the image, some standing and some sitting on a snowy surface indoors, but none of them are visibly carrying or wearing a backpack. The objects on the ground appear to be snowboarding or skiing gear, not backpacks. There are no bag-like items that resemble a backpack anywhere in the image. The focus is on snow sports equipment and people preparing to use it, with no indication of backpacks present.

FINAL ANSWER: NO",NO,no,True,True,False,False
Is there a sink in the image?,yes,"REASONING: The image shows a bathroom mirror reflecting the wall and part of the room; a sink is visible on the countertop below the mirror. The white basin of the sink and the faucet are clearly visible on the right side of the image. There is no ambiguity or partial occlusion of the sink, confirming its presence. FINAL ANSWER: YES",YES,yes,True,True,False,False
Is there a car in the image?,no,"REASONING: There is no visible car in the image; the image depicts a television screen showing an animated scene and a hand holding a game controller in front of it, with no cars present in the surroundings or on the screen.
FINAL ANSWER: NO",NO,A,True,False,False,False
Is there a tie in the image?,no,"REASONING: There are no visible ties hanging on furniture or lying around in the room. The image shows a living room with a sofa, coffee table, TV stand, and decorations, none of which include or resemble a tie. There are cushions, lamps, and plants, but no clothing accessories like a tie can be seen. FINAL ANSWER: NO",NO,B,True,False,False,False
Is there a person in the image?,no,"REASONING: There is no visible person in the image; the image shows objects like suitcases, a water bottle, and some equipment, but no human figure can be seen. FINAL ANSWER: NO",NO,yes,True,False,False,False
Is there a cell phone in the image?,no,REASONING: There is no visible cell phone in the image; the child is holding a toothbrush and the countertop is clear of any phone. The background and sink area also do not show any objects resembling a cell phone. FINAL ANSWER: NO,NO,no,True,True,False,False
Is there a laptop in the image?,yes,"REASONING: The image shows three screens; two are typical desktop monitors while the third, on the desk center-right, is a laptop with a visible keyboard and touchpad. This laptop screen displays a web browser window. No other laptop is visible in the image.  
FINAL ANSWER: YES",YES,B,True,False,False,False
Is there a person in the image?,no,"REASONING: The image shows a plate of food with a chicken sandwich open to reveal lettuce, tomato, and a chicken patty, along with potato wedges; no human figures or parts are visible in the image. There are no persons or parts of persons such as hands or faces present within the frame. The image is focused solely on the food and the table setting. FINAL ANSWER: NO",NO,no,True,True,False,False
Is there a carrot in the image?,no,"REASONING: The image shows a mountainous road with a herd of sheep and two people walking; there are no visible carrots in the image.
FINAL ANSWER: NO",NO,no,True,True,False,False
Is there a bowl in the image?,yes,"REASONING: There is no bowl visible in the image; the food is contained in a food container and there is a small cup for sauce, but neither is a bowl.
FINAL ANSWER: NO",NO,no,False,False,False,True
Is there a kite in the image?,no,"REASONING: There are multiple cupcakes displayed on stands on a counter, but no object resembling a kite is visible in the image. The image depicts a bakery setting with various desserts and no airborne or flat objects typical of a kite. FINAL ANSWER: NO",NO,no,True,True,False,False
Is there a bottle in the image?,yes,"REASONING: There is no bottle visible in the image; the image shows part of an orange wall and a poster with food items including pizza and salad, but no bottle.
FINAL ANSWER: NO",NO,no,False,False,False,True
Is there a car in the image?,no,"REASONING: The image depicts an indoor market with various vegetables and fruits displayed prominently on stalls. There are people walking around, but there is no visible car or any part of a car within the scene. The environment is clearly a market setting, not an area where cars would typically be present. FINAL ANSWER: NO",NO,no,True,True,False,False
Is there a stop sign in the image?,no,"REASONING: There is no stop sign visible anywhere in the image; the background is solid black with no signs or road markings. The only objects visible are a woman holding a mobile phone with the flash on and carrying a blue bag. There are no traffic signs including stop signs present in the image.
FINAL ANSWER: NO",NO,B,True,False,False,False
Is there a backpack in the image?,yes,"REASONING: Several individuals in the image are seen carrying or wearing backpacks as they enter the aircraft, making it clear that backpacks are present. FINAL ANSWER: YES",YES,B,True,False,False,False
Is there a car in the image?,no,"REASONING: There is no car visible in the image; the scene shows a man indoors holding a food item with kitchen shelves and appliances in the background, but no vehicle is present.  
FINAL ANSWER: NO",NO,B,True,False,False,False
Is there a bus in the image?,no,"REASONING: The image shows a large aircraft with an open cargo bay door and people walking up the ramp into it, which is clearly not a bus. A bus is typically a road vehicle designed for passenger transportation on streets, and there is no such vehicle visible in the image. The people appear to be boarding a military aircraft, not a bus.

FINAL ANSWER: NO",NO,no,True,True,False,False
Is there a tv in the image?,no,"REASONING: The image depicts a man sitting at a table using a laptop, but there is no television visible in the room or background. The furniture and objects shown (lamp, candles, tissue box) do not include or resemble a TV. There are no screens or devices that could be identified as a television. 

FINAL ANSWER: NO",NO,B,True,False,False,False
Is there a teddy bear in the image?,yes,"REASONING: There is a stuffed bear visible on the top shelf in the center-right area of the image, wearing a graduation cap which matches the typical appearance of a teddy bear.  
FINAL ANSWER: YES",YES,yes,True,True,False,False
Is there a potted plant in the image?,no,"REASONING: There is no visible potted plant anywhere on the platform, near the trains, or on the ground in the image. The area shown is a train station platform with trains, tracks, and a sign, but no plants in pots or otherwise. FINAL ANSWER: NO",NO,no,True,True,False,False
Is there a car in the image?,no,"REASONING: There is no visible car in the image; the scene shows people snowboarding and skiing on a snowy slope with no vehicles present. The background has trees and snow, but no man-made wheeled vehicles can be seen. The focus is on winter sports equipment, not cars. FINAL ANSWER: NO",NO,no,True,True,False,False
Is there a traffic light in the image?,no,"REASONING: There is no visible traffic light in the image; the scene shows vintage cars, a building, and some tents, but no traffic signal device is present.
FINAL ANSWER: NO",NO,no,True,True,False,False
Is there a person in the image?,yes,"REASONING: The image shows a baseball player holding a bat in a batting stance, clearly indicating a person is present.  
FINAL ANSWER: YES",YES,yes,True,True,False,False
Is there a bottle in the image?,yes,"REASONING: The image shows a group of people holding umbrellas and some plastic bags, but there are no visible bottles held or placed anywhere in the image. None of the objects visible resemble a bottle. FINAL ANSWER: NO",NO,no,False,False,False,True
Is there a person in the image?,yes,"REASONING: The image shows a photograph of two people, but the actual view is of the photograph itself displayed on a glass shelf, not real people in the image's environment. There are no real persons physically present within the scene captured in the image. The only people visible are in a printed photo, which does not count as a person being in the image.
FINAL ANSWER: NO",NO,no,False,False,False,True
Is there a parking meter in the image?,no,"REASONING: There is no visible parking meter, which would typically be a small device on a pole for collecting parking fees. The image shows a building, some street lights, signs, and electrical wires, but no parking meter is evident. The objects present resemble traffic signs and pedestrian signals but not a parking meter. FINAL ANSWER: NO",NO,no,True,True,False,False
Is there a chair in the image?,yes,"REASONING: The image shows a living room with multiple pieces of furniture. There are sofas with armrests visible in the middle and right, which are not chairs but couches. However, in the foreground, there are smaller pieces of furniture with backs and seats around the table, which likely count as chairs. One particularly visible on the right foreground and one on the left foreground. Therefore, chairs are present in the image.  
FINAL ANSWER: YES",YES,yes,True,True,False,False
Is there a skis in the image?,no,"REASONING: The image shows a person standing on a skateboard, which is clearly visible under their feet. There are no skis, ski poles, or any other skiing equipment in the image. The objects in the foreground and background, including the playground and people, do not include skis. The focus is on a person skateboarding, not skiing.

FINAL ANSWER: NO",NO,no,True,True,False,False
Is there a car in the image?,no,"REASONING: The image shows a small yellow structure resembling a container or small workshop by the roadside, with various items around it and a man crouching down nearby. There is no visible vehicle resembling a car anywhere in the image, including on the road or near the structure. Objects in the scene such as buckets, a signpost, and a pedestrian traffic light are clearly identifiable, but there is no presence of a car. The perspective and area shown give a clear view of the adjacent road and sidewalk, where a car would likely be visible if present.

FINAL ANSWER: NO",NO,A,True,False,False,False
Is there a person in the image?,yes,"REASONING: There are multiple individuals in the image actively playing baseball, clearly visible on the field. The players and the umpire are easily identifiable as people.

FINAL ANSWER: YES",YES,yes,True,True,False,False
Is there a sports ball in the image?,yes,"REASONING: The image depicts a baseball game in progress, which is a sport that uses a sports ball—a baseball. The baseball, though small, can be seen near the player in the center wearing a black and red helmet, affirming the presence of a sports ball in the image. FINAL ANSWER: YES",YES,B,True,False,False,False
Is there a car in the image?,no,"REASONING: There is no visible car in the image; the scene focuses on two elderly men sitting on a bench. REASONING: The background and surrounding area do not show any car parts, bodies, or wheels. REASONING: The portion of the image that is visible does not contain any motor vehicles, only people and a lamp post. FINAL ANSWER: NO",NO,no,True,True,False,False
Is there a car in the image?,no,"REASONING: The image shows a baseball game with a batter, catcher, and umpire; there are no visible cars anywhere in the scene, only people and sports equipment. The background consists of spectator stands and fencing, but no vehicles are present. Therefore, no car is present in the image.

FINAL ANSWER: NO",NO,no,True,True,False,False
Is there a person in the image?,yes,"REASONING: A person is clearly visible in the image, wearing glasses and a striped sweater, positioned in the foreground, interacting with a gaming console.  
FINAL ANSWER: YES",YES,A,True,False,False,False
Is there an airplane in the imange?,yes,"REASONING: The image clearly shows a large vehicle on an airport tarmac with wings, engines, and a jet bridge connected to it, which identifies it as an airplane. The airplane has the ""WESTJET"" logo on its side, confirming it is a commercial passenger airplane. FINAL ANSWER: YES",YES,yes,True,True,False,False
Is there a car in the image?,no,"REASONING: There is no visible car in the image; the vehicle visible is a small utility cart, not a car. The setup appears to be a market or fair with people walking around and no cars parked or driving in the scene. The background shows some people and structures but no car is present or partially visible. FINAL ANSWER: NO",NO,no,True,True,False,False
Is there a spoon in the image?,no,REASONING: There is no visible spoon in the image; the woman is holding a phone and there are no utensils or cutlery visible around her or on the pole with posters. FINAL ANSWER: NO,NO,no,True,True,False,False
Is there a dog in the image?,yes,REASONING: The image shows a car side mirror reflecting a dog that has its head out of the car window; the dog's silhouette and facial features are visible. This confirms the presence of a dog in the image. FINAL ANSWER: YES,YES,A,True,False,False,False
Is there a bear in the image?,yes,"REASONING: The image contains a teddy bear, which is a stuffed toy resembling a bear, but it is not a real bear. Since the question asks if there is a bear (implying a real bear), the presence of a stuffed toy bear does not qualify as a real bear in this context. Therefore, the item described is not present.

FINAL ANSWER: NO",NO,no,False,False,False,True
Is there a spoon in the image?,yes,"REASONING: There is a black utensil partially visible in the lower right corner of the image, which is a slotted spoon used for stirring or serving food. This confirms the presence of a spoon.
FINAL ANSWER: YES",YES,yes,True,True,False,False
Is there a toothbrush in the image?,no,"REASONING: The image shows a close-up of a meal consisting of a sandwich, Brussels sprouts, and a can of beer on a table; there is no visible toothbrush in the scene. The background includes some household items but nothing resembling a toothbrush. There are no objects that can be mistaken for a toothbrush based on shape, size, or color in the image. FINAL ANSWER: NO",NO,A,True,False,False,False
Is there a bottle in the image?,yes,"REASONING: There is no clearly visible bottle in the image; however, there are two cylindrical objects on a ledge behind the batter that closely resemble bottles based on their shape and size.  
FINAL ANSWER: YES",YES,yes,True,True,False,False
Is there an apple in the image?,yes,"REASONING: There is no visible fruit resembling an apple in the image; the objects present are primarily toys, books, and containers. The red round objects are parts of a Santa Claus toy and decorations but do not appear to be apples. No other object has the characteristic shape, color, and texture of an apple in the image.  
FINAL ANSWER: NO",NO,no,False,False,False,True
